sha,message,author,date,additions,deletions,total_changes,files_changed,hour,day_of_week,message_length,has_fix_word,has_urgent_word,large_commit,multi_file_commit,label,author_experience,is_new_contributor,time_since_last_commit,is_late_night,change_spike,core_code_ratio
5fdce4c331ac530280cc941179d364a07f4a1088,"Don't set the cli attribute in the sansio scaffold

It is (currently) Flask specific and hence cannot be shared in the
sansio shared code.",pgjones,2023-10-01 15:37:05+00:00,54,12,66,5,15,6,138,0,0,1,1,0,2,1,0.0,0,1,0.8
bae6ee888f647f15fabb91d21bf28314737be1c6,address mypy strict findings (#5383),David Lord,2024-01-18 17:16:53+00:00,390,284,674,28,17,3,36,0,0,1,1,0,250,0,9423588.0,0,1,0.7142857142857143
f622b1cadea2bed4ea4cc476695e9c181ec5da11,release version 3.0.1,David Lord,2024-01-18 17:19:14+00:00,2,2,4,2,17,3,21,0,0,0,1,1,250,0,141.0,0,1,0.0
5e059be1b327f2f2f64115d2897c5864eff69b7d,update actions versions,David Lord,2024-01-18 19:41:38+00:00,13,21,34,3,19,3,23,0,0,1,1,0,250,0,8544.0,0,1,0.0
da3a0ddfe2de5be718a2d7cb3021f350bf04c402,fix slsa generator version,David Lord,2024-01-18 19:53:19+00:00,2,1,3,1,19,3,26,1,0,0,0,0,250,0,701.0,0,0,0.0
5fcc999b7df0f5cc71cfd9b74ea494b96486f84f,fix create release action,David Lord,2024-01-18 19:57:22+00:00,3,2,5,1,19,3,25,1,0,0,0,1,250,0,243.0,0,0,0.0
233be7a0fa8b2a77189ae9a2fc47c579245a2f3d,release version 3.0.1 (#5386),David Lord,2024-01-18 20:03:25+00:00,2,2,4,2,20,3,29,0,0,0,1,1,250,0,363.0,0,0,0.0
4df377cfbfc1d15e962a61c18920b22aebc9aa41,Merge branch '3.0.x',David Lord,2024-01-18 20:20:56+00:00,412,297,709,30,20,3,20,0,0,1,1,1,250,0,1051.0,0,1,0.6666666666666666
ecc057dd4857e655f0844b781899a917852042a4,fix jinja_loader annotation,Cody Scott,2024-01-23 16:28:51+00:00,4,1,5,2,16,1,27,1,0,0,1,0,1,1,418075.0,0,0,0.5
1af8f95785b85d0937153ee63d504c0b51934d80,fix super call in list comprehension,Tony Huang,2024-01-26 02:08:55+00:00,10,1,11,3,2,4,36,1,0,0,1,1,1,1,207604.0,1,0,0.6666666666666666
a4bada52d0c5442011665eb1ad4bdb61c06d28fe,"Bump the github-actions group with 2 updates

Bumps the github-actions group with 2 updates: [dessant/lock-threads](https://github.com/dessant/lock-threads) and [pypa/gh-action-pypi-publish](https://github.com/pypa/gh-action-pypi-publish).


Updates `dessant/lock-threads` from 7de207be1d3ce97a9abe6ff1306222982d1ca9f9 to 1bf7ec25051fe7c00bdd17e6a7cf3d7bfb7dc771
- [Release notes](https://github.com/dessant/lock-threads/releases)
- [Changelog](https://github.com/dessant/lock-threads/blob/main/CHANGELOG.md)
- [Commits](https://github.com/dessant/lock-threads/compare/7de207be1d3ce97a9abe6ff1306222982d1ca9f9...1bf7ec25051fe7c00bdd17e6a7cf3d7bfb7dc771)

Updates `pypa/gh-action-pypi-publish` from f946db0f765b9ae754e44bfd5ae5b8b91cfb37ef to 2f6f737ca5f74c637829c0f5c3acd0e29ea5e8bf
- [Release notes](https://github.com/pypa/gh-action-pypi-publish/releases)
- [Commits](https://github.com/pypa/gh-action-pypi-publish/compare/f946db0f765b9ae754e44bfd5ae5b8b91cfb37ef...2f6f737ca5f74c637829c0f5c3acd0e29ea5e8bf)

---
updated-dependencies:
- dependency-name: dessant/lock-threads
  dependency-type: direct:production
  dependency-group: github-actions
- dependency-name: pypa/gh-action-pypi-publish
  dependency-type: direct:production
  dependency-group: github-actions
...

Signed-off-by: dependabot[bot] <support@github.com>",dependabot[bot],2024-02-01 15:31:35+00:00,3,3,6,2,15,3,1324,0,0,0,1,0,12,0,566560.0,0,0,0.0
484a7cc9a7ba2540ab2af5141196f5ab5809df33,"Bump the python-requirements group in /requirements with 6 updates

Bumps the python-requirements group in /requirements with 6 updates:

| Package | From | To |
| --- | --- | --- |
| [sphinx-issues](https://github.com/sloria/sphinx-issues) | `3.0.1` | `4.0.0` |
| [sphinx-tabs](https://github.com/executablebooks/sphinx-tabs) | `3.4.4` | `3.4.5` |
| [cryptography](https://github.com/pyca/cryptography) | `41.0.7` | `42.0.2` |
| [pytest](https://github.com/pytest-dev/pytest) | `7.4.4` | `8.0.0` |
| [python-dotenv](https://github.com/theskumar/python-dotenv) | `1.0.0` | `1.0.1` |
| [tox](https://github.com/tox-dev/tox) | `4.12.0` | `4.12.1` |


Updates `sphinx-issues` from 3.0.1 to 4.0.0
- [Commits](https://github.com/sloria/sphinx-issues/compare/3.0.1...4.0.0)

Updates `sphinx-tabs` from 3.4.4 to 3.4.5
- [Release notes](https://github.com/executablebooks/sphinx-tabs/releases)
- [Changelog](https://github.com/executablebooks/sphinx-tabs/blob/master/CHANGELOG.md)
- [Commits](https://github.com/executablebooks/sphinx-tabs/compare/v3.4.4...v3.4.5)

Updates `cryptography` from 41.0.7 to 42.0.2
- [Changelog](https://github.com/pyca/cryptography/blob/main/CHANGELOG.rst)
- [Commits](https://github.com/pyca/cryptography/compare/41.0.7...42.0.2)

Updates `pytest` from 7.4.4 to 8.0.0
- [Release notes](https://github.com/pytest-dev/pytest/releases)
- [Changelog](https://github.com/pytest-dev/pytest/blob/main/CHANGELOG.rst)
- [Commits](https://github.com/pytest-dev/pytest/compare/7.4.4...8.0.0)

Updates `python-dotenv` from 1.0.0 to 1.0.1
- [Release notes](https://github.com/theskumar/python-dotenv/releases)
- [Changelog](https://github.com/theskumar/python-dotenv/blob/main/CHANGELOG.md)
- [Commits](https://github.com/theskumar/python-dotenv/compare/v1.0.0...v1.0.1)

Updates `tox` from 4.12.0 to 4.12.1
- [Release notes](https://github.com/tox-dev/tox/releases)
- [Changelog](https://github.com/tox-dev/tox/blob/main/docs/changelog.rst)
- [Commits](https://github.com/tox-dev/tox/compare/4.12.0...4.12.1)

---
updated-dependencies:
- dependency-name: sphinx-issues
  dependency-type: direct:production
  update-type: version-update:semver-major
  dependency-group: python-requirements
- dependency-name: sphinx-tabs
  dependency-type: direct:production
  update-type: version-update:semver-patch
  dependency-group: python-requirements
- dependency-name: cryptography
  dependency-type: direct:production
  update-type: version-update:semver-major
  dependency-group: python-requirements
- dependency-name: pytest
  dependency-type: direct:production
  update-type: version-update:semver-major
  dependency-group: python-requirements
- dependency-name: python-dotenv
  dependency-type: direct:production
  update-type: version-update:semver-patch
  dependency-group: python-requirements
- dependency-name: tox
  dependency-type: direct:development
  update-type: version-update:semver-patch
  dependency-group: python-requirements
...

Signed-off-by: dependabot[bot] <support@github.com>",dependabot[bot],2024-02-01 15:41:57+00:00,12,12,24,4,15,3,3002,1,0,1,1,0,12,0,622.0,0,0,0.0
f32dddc71c8538d7d9cf51bf82716b3dfadbc9ec,Bump the github-actions group with 2 updates (#5400),David Lord,2024-02-03 15:35:16+00:00,3,3,6,2,15,5,52,0,0,0,1,1,250,0,172399.0,0,0,0.0
94e80b3da9048372ed857f6175a4d5fd1ca8913b,Bump the python-requirements group in /requirements with 6 updates (#5401),David Lord,2024-02-03 15:40:27+00:00,12,12,24,4,15,5,74,0,0,1,1,1,250,0,311.0,0,0,0.0
3207af8827d4162ef5841249c46fbb9da043c551,start version 3.0.2,David Lord,2024-02-03 17:41:38+00:00,7,1,8,2,17,5,19,0,0,0,1,1,250,0,7271.0,0,0,0.0
3435d2ff1589eb0c1a85cc294a20985910a1a606,Fix jinja_loader typehint (#5389),David Lord,2024-02-03 20:18:40+00:00,4,1,5,2,20,5,33,1,0,0,1,1,250,0,9422.0,0,0,0.5
d7209a957004d4758f32fd8b2f89da11f5fe5718,fix super call in list comprehension (#5393),David Lord,2024-02-03 20:39:33+00:00,10,1,11,3,20,5,44,1,0,0,1,1,250,0,1253.0,0,0,0.6666666666666666
d2030595dcdc8ca5701504f00255360fb12a3a2b,release version 3.0.2,David Lord,2024-02-03 20:54:41+00:00,2,2,4,2,20,5,21,0,0,0,1,1,250,0,908.0,0,0,0.0
d5e321b792cd6f3cd7b072d175f47eacbd5ee14f,release version 3.0.2 (#5403),David Lord,2024-02-03 21:12:15+00:00,2,2,4,2,21,5,29,0,0,0,1,1,250,0,1054.0,0,0,0.0
6b422a05f37641ca0b84422f2436e9d4bd144376,Merge branch '3.0.x',David Lord,2024-02-03 21:13:41+00:00,21,3,24,5,21,5,20,0,0,1,1,1,250,0,86.0,0,1,0.6
ad36383951c130f16e02b5f61b1161da99bc1ca4,"[pre-commit.ci] pre-commit autoupdate

updates:
- [github.com/astral-sh/ruff-pre-commit: v0.1.13 → v0.2.0](https://github.com/astral-sh/ruff-pre-commit/compare/v0.1.13...v0.2.0)",pre-commit-ci[bot],2024-02-05 20:28:43+00:00,1,1,2,1,20,0,177,0,0,0,0,0,5,0,170102.0,0,0,0.0
b90a4f1f4a370e92054b9cc9db0efcb864f87ebe,[pre-commit.ci] pre-commit autoupdate (#5404),David Lord,2024-02-12 20:50:45+00:00,1,1,2,1,20,0,45,0,0,0,0,0,250,0,606122.0,0,0,0.0
0e59442f6cce9442c1dcaf8515df7182312fa6cd,"Use per-release URLs in GH env UI when publishing to the PyPI

This essentially, makes the UI nicer in a few places with a clickable link to the released version being presented in the web interface of GitHub.",Sviatoslav Sydorenko (Святослав Сидоренко),2024-02-27 00:24:27+00:00,5,3,8,1,0,1,209,0,0,0,0,0,1,1,1222422.0,1,0,0.0
98a7f9fcf09fce5d32bf25e7f917c1c3026719d1,Use per-release URLs in GH env UI when publishing to the PyPI (#5423),David Lord,2024-04-06 23:17:13+00:00,5,3,8,1,23,5,69,0,0,0,0,0,250,0,3451966.0,1,0,0.0
87d5f5b9a9697434e6d972b021201105eabb54e6,"update project files (#5457)

* update pre-commit hook
* upgrade pip with venv
* update description and version
* show url in publish environment
* update versions
* update versions, separate typing job
* use dependabot grouped updates
  ignore upload/download-artifact until slsa updates
* use sphinx.ext.extlinks instead of sphinx-issues
* update dev dependencies
* update editorconfig
* update gitignore
* update .readthedocs.yaml
* license is txt, readme is md
* update pyproject.toml
  add typed classifier
  add pyright config
  simplify urls
* tox builds docs in place
* update min test py version
* add tox env to update all dev dependencies
* update issue and pr templates
* rename security docs page to not conflict with org policy file
* simplify matrix",David Lord,2024-04-07 17:24:40+00:00,377,317,694,35,17,6,787,1,0,1,1,0,250,0,65247.0,0,1,0.17142857142857143
6ab71ed7cf92a2dea7c18ddc9c2b4f3e685ea1fb,Merge branch '3.0.x',David Lord,2024-04-07 18:03:46+00:00,355,306,661,35,18,6,20,0,0,1,1,1,250,0,2346.0,0,1,0.17142857142857143
be508c618411d72281672980abb19b2150581943,"Bump the github-actions group with 3 updates

Bumps the github-actions group with 3 updates: [dessant/lock-threads](https://github.com/dessant/lock-threads), [actions/checkout](https://github.com/actions/checkout) and [pypa/gh-action-pypi-publish](https://github.com/pypa/gh-action-pypi-publish).


Updates `dessant/lock-threads` from 7de207be1d3ce97a9abe6ff1306222982d1ca9f9 to 1bf7ec25051fe7c00bdd17e6a7cf3d7bfb7dc771
- [Release notes](https://github.com/dessant/lock-threads/releases)
- [Changelog](https://github.com/dessant/lock-threads/blob/main/CHANGELOG.md)
- [Commits](https://github.com/dessant/lock-threads/compare/7de207be1d3ce97a9abe6ff1306222982d1ca9f9...1bf7ec25051fe7c00bdd17e6a7cf3d7bfb7dc771)

Updates `actions/checkout` from 4.1.1 to 4.1.2
- [Release notes](https://github.com/actions/checkout/releases)
- [Changelog](https://github.com/actions/checkout/blob/main/CHANGELOG.md)
- [Commits](https://github.com/actions/checkout/compare/b4ffde65f46336ab88eb53be808477a3936bae11...9bb56186c3b09b4f86b1c65136769dd318469633)

Updates `pypa/gh-action-pypi-publish` from 68e62d4871ad9d14a9d55f114e6ac71f0b408ec0 to 81e9d935c883d0b210363ab89cf05f3894778450
- [Release notes](https://github.com/pypa/gh-action-pypi-publish/releases)
- [Commits](https://github.com/pypa/gh-action-pypi-publish/compare/68e62d4871ad9d14a9d55f114e6ac71f0b408ec0...81e9d935c883d0b210363ab89cf05f3894778450)

---
updated-dependencies:
- dependency-name: dessant/lock-threads
  dependency-type: direct:production
  dependency-group: github-actions
- dependency-name: actions/checkout
  dependency-type: direct:production
  update-type: version-update:semver-patch
  dependency-group: github-actions
- dependency-name: pypa/gh-action-pypi-publish
  dependency-type: direct:production
  dependency-group: github-actions
...

Signed-off-by: dependabot[bot] <support@github.com>",dependabot[bot],2024-04-07 18:04:59+00:00,6,6,12,3,18,6,1859,1,0,0,1,1,12,0,73.0,0,0,0.0
a85575601758b3fd8d1379aa2e16bf1c24ab06f3,Bump the github-actions group with 3 updates (#5459),David Lord,2024-04-07 18:11:26+00:00,6,6,12,3,18,6,52,0,0,0,1,1,250,0,387.0,0,0,0.0
7320e311a0a3f190351173f8be90cab31dadbf73,start version 3.0.3,David Lord,2024-04-07 18:22:02+00:00,7,1,8,2,18,6,19,0,0,0,1,1,250,0,636.0,0,0,0.0
db461112c70d5f2bf93c7a6ac27eeb665c232dd0,access sha1 lazily,David Lord,2024-04-07 18:30:30+00:00,13,1,14,2,18,6,18,0,0,1,1,1,250,0,508.0,0,0,0.5
b73939095564ec5c088c53e7595b00d174a018f5,support FIPS builds without SHA-1 (#5460),David Lord,2024-04-07 18:42:24+00:00,13,1,14,2,18,6,41,0,0,1,1,0,250,0,714.0,0,0,0.5
adb7dd99c295a28726c8d818fba54c7b3f958ecc,don't access app.logger when configuring app.logger,David Lord,2024-04-07 19:03:19+00:00,1,1,2,1,19,6,51,0,0,0,0,0,250,0,1255.0,0,0,0.0
5e22cc9eec0d1da2da706ccf724fde702b30d5f2,Don't set the cli attribute in the sansio scaffold (#5270),David Lord,2024-04-07 19:16:22+00:00,54,12,66,5,19,6,58,0,0,1,1,0,250,0,783.0,0,1,0.8
c12a5d874c5a014495eb2db8a73f40037bc813ac,release version 3.0.3,David Lord,2024-04-07 19:17:41+00:00,1,1,2,1,19,6,21,0,0,0,0,0,250,0,79.0,0,0,0.0
61182249cb3ec5c69a2b91928829f33ccca6c7bc,release version 3.0.3 (#5461),David Lord,2024-04-07 19:27:04+00:00,1,1,2,1,19,6,29,0,0,0,0,0,250,0,563.0,0,0,0.0
aee16df63bbd7f6a7479fcd01b509f5ebaca3a0d,Merge branch '3.0.x',David Lord,2024-04-07 19:28:51+00:00,75,15,90,8,19,6,20,0,0,1,1,0,250,0,107.0,0,1,0.625
19610a9e46e0989054ecd0f6be2fcb981013d8eb,start version 3.1.0,David Lord,2024-04-07 19:29:49+00:00,7,1,8,2,19,6,19,0,0,0,1,0,250,0,58.0,0,0,0.0
346d1abaff0270104ffa3a0e8bee7de279a1cee7,"remove install and contribute sections

install leads people to install into the system instead of a virtualenv,
and readme isn't the place to teach that
contribute is now linked in the github interface above the readme",David Lord,2024-04-08 22:28:28+00:00,0,20,20,1,22,0,219,0,0,1,0,0,250,0,97119.0,1,0,0.0
f958b6500b2aeb8edc578a07f00546becdad4c80,build docs from scratch each test,David Lord,2024-04-08 22:28:57+00:00,1,1,2,1,22,0,33,0,0,0,0,0,250,0,29.0,1,0,0.0
2c7f57ad5bd19743312eb34ea5fb838a1349474e,Merge branch '3.0.x',David Lord,2024-04-08 22:29:31+00:00,1,21,22,2,22,0,20,0,0,1,1,0,250,0,34.0,1,0,0.0
4a1766c252bac0de1368cc4eaefba1299f77d546,"document caveats on SESSION_COOKIE_DOMAIN

Changing this value might result in browsers with several competing session cookies. In
that situation there is no guarantee of which one will be sent first, and be used as the
session cookie.",Éloi Rivard,2024-04-15 16:28:25+00:00,6,0,6,1,16,0,235,0,0,0,0,0,1,1,583134.0,0,0,0.0
db0fe9436e9da7f7bd14683542bbf33ba3c6d5e4,unignore upload/download-artifact,David Lord,2024-04-23 23:31:03+00:00,0,6,6,1,23,1,33,0,0,0,0,0,250,0,716558.0,1,0,0.0
ccf125bf30102beedafb3ecef72376bfb6c90a4d,fix mypy findings,David Lord,2024-04-23 23:49:42+00:00,1,1,2,1,23,1,17,1,0,0,0,0,250,0,1119.0,1,0,1.0
b7278186c4e16c58a4dbd439eedf716146c19f53,"Bump the github-actions group across 1 directory with 4 updates

Bumps the github-actions group with 4 updates in the / directory: [actions/checkout](https://github.com/actions/checkout), [actions/upload-artifact](https://github.com/actions/upload-artifact), [slsa-framework/slsa-github-generator](https://github.com/slsa-framework/slsa-github-generator) and [actions/download-artifact](https://github.com/actions/download-artifact).


Updates `actions/checkout` from 4.1.2 to 4.1.3
- [Release notes](https://github.com/actions/checkout/releases)
- [Changelog](https://github.com/actions/checkout/blob/main/CHANGELOG.md)
- [Commits](https://github.com/actions/checkout/compare/9bb56186c3b09b4f86b1c65136769dd318469633...1d96c772d19495a3b5c517cd2bc0cb401ea0529f)

Updates `actions/upload-artifact` from 3.1.3 to 4.3.3
- [Release notes](https://github.com/actions/upload-artifact/releases)
- [Commits](https://github.com/actions/upload-artifact/compare/a8a3f3ad30e3422c9c7b888a15615d19a852ae32...65462800fd760344b1a7b4382951275a0abb4808)

Updates `slsa-framework/slsa-github-generator` from 1.10.0 to 2.0.0
- [Release notes](https://github.com/slsa-framework/slsa-github-generator/releases)
- [Changelog](https://github.com/slsa-framework/slsa-github-generator/blob/main/CHANGELOG.md)
- [Commits](https://github.com/slsa-framework/slsa-github-generator/compare/v1.10.0...v2.0.0)

Updates `actions/download-artifact` from 3.0.2 to 4.1.6
- [Release notes](https://github.com/actions/download-artifact/releases)
- [Commits](https://github.com/actions/download-artifact/compare/9bc31d5ccc31df68ecc42ccf4149144866c47d8a...9c19ed7fe5d278cd354c7dfd5d3b88589c7e2395)

---
updated-dependencies:
- dependency-name: actions/checkout
  dependency-type: direct:production
  update-type: version-update:semver-patch
  dependency-group: github-actions
- dependency-name: actions/upload-artifact
  dependency-type: direct:production
  update-type: version-update:semver-major
  dependency-group: github-actions
- dependency-name: slsa-framework/slsa-github-generator
  dependency-type: direct:production
  update-type: version-update:semver-major
  dependency-group: github-actions
- dependency-name: actions/download-artifact
  dependency-type: direct:production
  update-type: version-update:semver-major
  dependency-group: github-actions
...

Signed-off-by: dependabot[bot] <support@github.com>",dependabot[bot],2024-04-23 23:50:43+00:00,7,7,14,2,23,1,2380,1,0,1,1,1,12,0,61.0,1,0,0.0
f48802acbb2d9f29ed3e1bcc5206bd00176cc1e3,Bump the github-actions group across 1 directory with 4 updates (#5470),David Lord,2024-04-23 23:52:13+00:00,7,7,14,2,23,1,71,0,0,1,1,1,250,0,90.0,1,0,0.0
224c639bf9f37b99bc66a879fbbc516f59857967,"Bump the python-requirements group in /requirements with 3 updates

Bumps the python-requirements group in /requirements with 3 updates: [pallets-sphinx-themes](https://github.com/pallets/pallets-sphinx-themes), [sphinx](https://github.com/sphinx-doc/sphinx) and [pyright](https://github.com/RobertCraigie/pyright-python).


Updates `pallets-sphinx-themes` from 2.1.1 to 2.1.2
- [Release notes](https://github.com/pallets/pallets-sphinx-themes/releases)
- [Changelog](https://github.com/pallets/pallets-sphinx-themes/blob/main/CHANGES.rst)
- [Commits](https://github.com/pallets/pallets-sphinx-themes/compare/2.1.1...2.1.2)

Updates `sphinx` from 7.2.6 to 7.3.7
- [Release notes](https://github.com/sphinx-doc/sphinx/releases)
- [Changelog](https://github.com/sphinx-doc/sphinx/blob/master/CHANGES.rst)
- [Commits](https://github.com/sphinx-doc/sphinx/compare/v7.2.6...v7.3.7)

Updates `pyright` from 1.1.357 to 1.1.359
- [Release notes](https://github.com/RobertCraigie/pyright-python/releases)
- [Commits](https://github.com/RobertCraigie/pyright-python/compare/v1.1.357...v1.1.359)

---
updated-dependencies:
- dependency-name: pallets-sphinx-themes
  dependency-type: direct:production
  update-type: version-update:semver-patch
  dependency-group: python-requirements
- dependency-name: sphinx
  dependency-type: direct:production
  update-type: version-update:semver-minor
  dependency-group: python-requirements
- dependency-name: pyright
  dependency-type: direct:production
  update-type: version-update:semver-patch
  dependency-group: python-requirements
...

Signed-off-by: dependabot[bot] <support@github.com>",dependabot[bot],2024-04-23 23:52:58+00:00,6,6,12,3,23,1,1622,1,0,0,1,1,12,0,45.0,1,0,0.0
11c15ddfeb6edcb0978d3407ed972ae441013177,Bump the python-requirements group in /requirements with 3 updates (#5468),David Lord,2024-04-23 23:54:09+00:00,6,6,12,3,23,1,74,0,0,0,1,1,250,0,71.0,1,0,0.0
823e279e0dd40d8818a8d58c12a7df22caae1c04,"Update pyproject.toml

Correction to Documentation URL",JamesMRamm,2024-05-02 07:57:34+00:00,1,1,2,1,7,3,54,0,0,0,0,1,1,1,720205.0,0,0,0.0
57add386c9d3aa5717bb25ed3e216a9538f086fd,examples/javascript: Update Documentation URL in pyproject.toml (#5475),David Lord,2024-05-02 12:10:51+00:00,1,1,2,1,12,3,71,0,0,0,0,1,250,0,15197.0,0,0,0.0
a363642a32880114c7944b1017f2f69bd4cc00eb,fix mypy finding with new werkzeug endpoint type,David Lord,2024-05-06 17:09:58+00:00,1,1,2,1,17,0,48,1,0,0,0,0,250,0,363547.0,0,0,1.0
eb1182a10e757b5e76009c69fdf3a88a5afc6840,fix mypy finding,David Lord,2024-05-06 17:12:32+00:00,2,2,4,1,17,0,16,1,0,0,0,1,250,0,154.0,0,0,1.0
4f42c642036e6fdd915dd492b263c3b887cdb2d9,Merge branch '3.0.x',David Lord,2024-05-06 17:13:35+00:00,2,2,4,2,17,0,20,0,0,0,1,1,250,0,63.0,0,0,1.0
a936b0c610ba86f542eb3855de2be674a7b9310b,"Bump the github-actions group with 2 updates

Bumps the github-actions group with 2 updates: [actions/checkout](https://github.com/actions/checkout) and [actions/download-artifact](https://github.com/actions/download-artifact).


Updates `actions/checkout` from 4.1.3 to 4.1.4
- [Release notes](https://github.com/actions/checkout/releases)
- [Changelog](https://github.com/actions/checkout/blob/main/CHANGELOG.md)
- [Commits](https://github.com/actions/checkout/compare/1d96c772d19495a3b5c517cd2bc0cb401ea0529f...0ad4b8fadaa221de15dcec353f45205ec38ea70b)

Updates `actions/download-artifact` from 4.1.6 to 4.1.7
- [Release notes](https://github.com/actions/download-artifact/releases)
- [Commits](https://github.com/actions/download-artifact/compare/9c19ed7fe5d278cd354c7dfd5d3b88589c7e2395...65a9edc5881444af0b9093a5e628f2fe47ea3b2e)

---
updated-dependencies:
- dependency-name: actions/checkout
  dependency-type: direct:production
  update-type: version-update:semver-patch
  dependency-group: github-actions
- dependency-name: actions/download-artifact
  dependency-type: direct:production
  update-type: version-update:semver-patch
  dependency-group: github-actions
...

Signed-off-by: dependabot[bot] <support@github.com>",dependabot[bot],2024-05-06 17:16:26+00:00,5,5,10,2,17,0,1230,1,0,0,1,1,12,0,171.0,0,1,0.0
fc605b575bc454bb89f7f878692970f3bd4b1011,Bump the github-actions group with 2 updates (#5473),David Lord,2024-05-06 17:17:48+00:00,5,5,10,2,17,0,52,0,0,0,1,1,250,0,82.0,0,0,0.0
273123f6b8fc0d871553f707e515816777c60e24,"Bump the python-requirements group across 1 directory with 6 updates

Bumps the python-requirements group with 6 updates in the /requirements directory:

| Package | From | To |
| --- | --- | --- |
| [cryptography](https://github.com/pyca/cryptography) | `42.0.5` | `42.0.7` |
| [mypy](https://github.com/python/mypy) | `1.9.0` | `1.10.0` |
| [pallets-sphinx-themes](https://github.com/pallets/pallets-sphinx-themes) | `2.1.2` | `2.1.3` |
| [pyright](https://github.com/RobertCraigie/pyright-python) | `1.1.359` | `1.1.361` |
| [pytest](https://github.com/pytest-dev/pytest) | `8.1.1` | `8.2.0` |
| [tox](https://github.com/tox-dev/tox) | `4.14.2` | `4.15.0` |



Updates `cryptography` from 42.0.5 to 42.0.7
- [Changelog](https://github.com/pyca/cryptography/blob/main/CHANGELOG.rst)
- [Commits](https://github.com/pyca/cryptography/compare/42.0.5...42.0.7)

Updates `mypy` from 1.9.0 to 1.10.0
- [Changelog](https://github.com/python/mypy/blob/master/CHANGELOG.md)
- [Commits](https://github.com/python/mypy/compare/1.9.0...v1.10.0)

Updates `pallets-sphinx-themes` from 2.1.2 to 2.1.3
- [Release notes](https://github.com/pallets/pallets-sphinx-themes/releases)
- [Changelog](https://github.com/pallets/pallets-sphinx-themes/blob/main/CHANGES.rst)
- [Commits](https://github.com/pallets/pallets-sphinx-themes/compare/2.1.2...2.1.3)

Updates `pyright` from 1.1.359 to 1.1.361
- [Release notes](https://github.com/RobertCraigie/pyright-python/releases)
- [Commits](https://github.com/RobertCraigie/pyright-python/compare/v1.1.359...v1.1.361)

Updates `pytest` from 8.1.1 to 8.2.0
- [Release notes](https://github.com/pytest-dev/pytest/releases)
- [Changelog](https://github.com/pytest-dev/pytest/blob/main/CHANGELOG.rst)
- [Commits](https://github.com/pytest-dev/pytest/compare/8.1.1...8.2.0)

Updates `tox` from 4.14.2 to 4.15.0
- [Release notes](https://github.com/tox-dev/tox/releases)
- [Changelog](https://github.com/tox-dev/tox/blob/main/docs/changelog.rst)
- [Commits](https://github.com/tox-dev/tox/compare/4.14.2...4.15.0)

---
updated-dependencies:
- dependency-name: cryptography
  dependency-type: direct:production
  update-type: version-update:semver-patch
  dependency-group: python-requirements
- dependency-name: mypy
  dependency-type: direct:production
  update-type: version-update:semver-minor
  dependency-group: python-requirements
- dependency-name: pallets-sphinx-themes
  dependency-type: direct:production
  update-type: version-update:semver-patch
  dependency-group: python-requirements
- dependency-name: pyright
  dependency-type: direct:production
  update-type: version-update:semver-patch
  dependency-group: python-requirements
- dependency-name: pytest
  dependency-type: direct:production
  update-type: version-update:semver-minor
  dependency-group: python-requirements
- dependency-name: tox
  dependency-type: direct:development
  update-type: version-update:semver-minor
  dependency-group: python-requirements
...

Signed-off-by: dependabot[bot] <support@github.com>",dependabot[bot],2024-05-06 17:19:27+00:00,15,15,30,4,17,0,3010,1,0,1,1,1,12,0,99.0,0,1,0.0
860a25c390eba8e6c089a818b02800dd9d789864,fix mypy finding,David Lord,2024-05-06 17:23:10+00:00,1,1,2,1,17,0,16,1,0,0,0,1,250,0,223.0,0,0,1.0
d64ecfb244d38b5f31d6dd8f6a9f55731038c093,Bump the python-requirements group across 1 directory with 6 updates (#5476),David Lord,2024-05-06 17:24:44+00:00,16,16,32,5,17,0,76,0,0,1,1,1,250,0,94.0,0,0,0.2
4e894892bc0230c46e998b6ea82b5b07b9943a39,"[pre-commit.ci] pre-commit autoupdate

updates:
- [github.com/astral-sh/ruff-pre-commit: v0.3.5 → v0.4.3](https://github.com/astral-sh/ruff-pre-commit/compare/v0.3.5...v0.4.3)",pre-commit-ci[bot],2024-05-06 22:05:35+00:00,1,1,2,1,22,0,175,0,0,0,0,1,5,0,16851.0,1,0,0.0
67ed36910ddb974a3e98939c55ba0fde1636e426,[pre-commit.ci] pre-commit autoupdate (#5477),David Lord,2024-05-06 22:28:44+00:00,1,1,2,1,22,0,45,0,0,0,0,1,250,0,1389.0,1,0,0.0
9101439d7b7e21d5cf8a4a2a3dc92b9980539c6b,test with python 3.13,David Lord,2024-05-11 15:37:47+00:00,2,1,3,2,15,5,21,0,0,0,1,0,250,0,407343.0,0,0,0.0
bea5876e46144080a06170222396b953a361af48,test with python 3.13 (#5481),David Lord,2024-05-11 15:39:30+00:00,2,1,3,2,15,5,29,0,0,0,1,0,250,0,103.0,0,0,0.0
255c8d66af6daff3eaa063ea0819e185d4d1e214,Merge branch '3.0.x',David Lord,2024-05-11 15:40:26+00:00,2,1,3,2,15,5,20,0,0,0,1,0,250,0,56.0,0,0,0.0
c7da8c2aa3a923fc620ad480a8831a8a0f21ab37,Added python type annotation and return type.,Heisenberg,2024-05-19 20:34:00+00:00,1,1,2,1,20,6,45,0,0,0,0,0,1,1,708814.0,0,0,1.0
767ad19b10c64af1fa328383713ea97e23cc0080,Edited variable names in the rendering templates section of the quickstart guide.,Jake Tanis,2024-05-21 23:08:57+00:00,4,4,8,1,23,1,81,0,1,0,0,0,1,1,182097.0,1,1,0.0
a2f495b9ff26c84e0ac35dcd957718e2d3f53afe,`SESSION_COOKIE_DOMAIN` caveat documentation (#5464),David Lord,2024-05-25 17:27:04+00:00,6,0,6,1,17,5,52,0,0,0,0,0,250,0,325087.0,0,0,0.0
bb16048ad74dfd07364226d02ab656f5a5cf6730,Edited variable names in quickstart guide (#5487),David Lord,2024-05-25 18:27:37+00:00,4,4,8,1,18,5,49,0,1,0,0,0,250,0,3633.0,0,0,0.0
6d126e1013dd9966dc510612a4b97f8f15fca2c4,Added python type annotation and return type. (#5485),David Lord,2024-05-25 18:32:15+00:00,1,1,2,1,18,5,53,0,0,0,0,0,250,0,278.0,0,0,1.0
f567ab90681235f38bdeaeda004d89e85b8627d9,"Bump the python-requirements group in /requirements with 3 updates

Bumps the python-requirements group in /requirements with 3 updates: [pyright](https://github.com/RobertCraigie/pyright-python), [pytest](https://github.com/pytest-dev/pytest) and [pre-commit](https://github.com/pre-commit/pre-commit).


Updates `pyright` from 1.1.361 to 1.1.365
- [Release notes](https://github.com/RobertCraigie/pyright-python/releases)
- [Commits](https://github.com/RobertCraigie/pyright-python/compare/v1.1.361...v1.1.365)

Updates `pytest` from 8.2.0 to 8.2.1
- [Release notes](https://github.com/pytest-dev/pytest/releases)
- [Changelog](https://github.com/pytest-dev/pytest/blob/main/CHANGELOG.rst)
- [Commits](https://github.com/pytest-dev/pytest/compare/8.2.0...8.2.1)

Updates `pre-commit` from 3.7.0 to 3.7.1
- [Release notes](https://github.com/pre-commit/pre-commit/releases)
- [Changelog](https://github.com/pre-commit/pre-commit/blob/main/CHANGELOG.md)
- [Commits](https://github.com/pre-commit/pre-commit/compare/v3.7.0...v3.7.1)

---
updated-dependencies:
- dependency-name: pyright
  dependency-type: direct:production
  update-type: version-update:semver-patch
  dependency-group: python-requirements
- dependency-name: pytest
  dependency-type: direct:production
  update-type: version-update:semver-patch
  dependency-group: python-requirements
- dependency-name: pre-commit
  dependency-type: direct:development
  update-type: version-update:semver-patch
  dependency-group: python-requirements
...

Signed-off-by: dependabot[bot] <support@github.com>",dependabot[bot],2024-06-01 15:12:17+00:00,6,6,12,3,15,5,1559,1,0,0,1,0,12,0,592802.0,0,0,0.0
422e05e28dbae9fdcbca855e6727738f57cfccfe,Bump the python-requirements group in /requirements with 3 updates (#5492),David Lord,2024-06-01 15:16:45+00:00,6,6,12,3,15,5,74,0,0,0,1,1,250,0,268.0,0,0,0.0
e3535f99717bdf3882c0b48bff3e3eb244454e34,"Bump actions/checkout from 4.1.4 to 4.1.6 in the github-actions group

Bumps the github-actions group with 1 update: [actions/checkout](https://github.com/actions/checkout).


Updates `actions/checkout` from 4.1.4 to 4.1.6
- [Release notes](https://github.com/actions/checkout/releases)
- [Changelog](https://github.com/actions/checkout/blob/main/CHANGELOG.md)
- [Commits](https://github.com/actions/checkout/compare/0ad4b8fadaa221de15dcec353f45205ec38ea70b...a5ac7e51b41094c92402da3b24376905380afc29)

---
updated-dependencies:
- dependency-name: actions/checkout
  dependency-type: direct:production
  update-type: version-update:semver-patch
  dependency-group: github-actions
...

Signed-off-by: dependabot[bot] <support@github.com>",dependabot[bot],2024-06-01 15:55:45+00:00,3,3,6,2,15,5,736,1,0,0,1,1,12,0,2340.0,0,0,0.0
0d2100ed17d24b2a30594729b99feebe76839bc5,Bump actions/checkout from 4.1.4 to 4.1.6 in the github-actions group (#5493),David Lord,2024-06-01 16:01:46+00:00,3,3,6,2,16,5,77,0,0,0,1,1,250,0,361.0,0,0,0.0
07c8f19bfd6128c7cbb9c61c41b43a9eeca1b435,"[pre-commit.ci] pre-commit autoupdate

updates:
- [github.com/astral-sh/ruff-pre-commit: v0.4.3 → v0.4.7](https://github.com/astral-sh/ruff-pre-commit/compare/v0.4.3...v0.4.7)",pre-commit-ci[bot],2024-06-03 22:10:27+00:00,1,1,2,1,22,0,175,0,0,0,0,1,5,0,194921.0,1,0,0.0
0ce27278d234c13ce00019540ff8e9891542d1f2,[pre-commit.ci] pre-commit autoupdate (#5495),David Lord,2024-06-03 22:25:32+00:00,1,1,2,1,22,0,45,0,0,0,0,1,250,0,905.0,1,0,0.0
d718ecf6d3dfc4656d262154c59672437c1ea075,"Provide a configuration option to control automatic option responses

By default Flask will provide responses to OPTIONS requests that are
automatically generated. These responses list the valid methods in the
response headers. Whilst this is useful, it can be frowned on by
auditors hence an ability to disable it wholesale is useful.",pgjones,2024-06-05 12:23:18+00:00,14,2,16,4,12,2,335,0,0,1,1,0,2,1,136666.0,0,1,0.5
9efc1ebeeb431769897798cdf8de2c67dcbbc9c0,"add SESSION_COOKIE_PARTITIONED config

co-authored-by: Jose Cespedes <josecespedes@ibm.com>",David Lord,2024-06-10 01:55:22+00:00,34,0,34,5,1,0,91,0,0,1,1,0,250,0,394324.0,1,1,0.6
e165f3aef4dbede5d7e3f71c336c89a268753ae9,"Bump the python-requirements group in /requirements with 5 updates

Bumps the python-requirements group in /requirements with 5 updates:

| Package | From | To |
| --- | --- | --- |
| [cryptography](https://github.com/pyca/cryptography) | `42.0.7` | `42.0.8` |
| [mypy](https://github.com/python/mypy) | `1.10.0` | `1.10.1` |
| [pyright](https://github.com/RobertCraigie/pyright-python) | `1.1.365` | `1.1.369` |
| [pytest](https://github.com/pytest-dev/pytest) | `8.2.1` | `8.2.2` |
| [tox](https://github.com/tox-dev/tox) | `4.15.0` | `4.15.1` |


Updates `cryptography` from 42.0.7 to 42.0.8
- [Changelog](https://github.com/pyca/cryptography/blob/main/CHANGELOG.rst)
- [Commits](https://github.com/pyca/cryptography/compare/42.0.7...42.0.8)

Updates `mypy` from 1.10.0 to 1.10.1
- [Changelog](https://github.com/python/mypy/blob/master/CHANGELOG.md)
- [Commits](https://github.com/python/mypy/compare/v1.10.0...v1.10.1)

Updates `pyright` from 1.1.365 to 1.1.369
- [Release notes](https://github.com/RobertCraigie/pyright-python/releases)
- [Commits](https://github.com/RobertCraigie/pyright-python/compare/v1.1.365...v1.1.369)

Updates `pytest` from 8.2.1 to 8.2.2
- [Release notes](https://github.com/pytest-dev/pytest/releases)
- [Changelog](https://github.com/pytest-dev/pytest/blob/main/CHANGELOG.rst)
- [Commits](https://github.com/pytest-dev/pytest/compare/8.2.1...8.2.2)

Updates `tox` from 4.15.0 to 4.15.1
- [Release notes](https://github.com/tox-dev/tox/releases)
- [Changelog](https://github.com/tox-dev/tox/blob/main/docs/changelog.rst)
- [Commits](https://github.com/tox-dev/tox/compare/4.15.0...4.15.1)

---
updated-dependencies:
- dependency-name: cryptography
  dependency-type: direct:production
  update-type: version-update:semver-patch
  dependency-group: python-requirements
- dependency-name: mypy
  dependency-type: direct:production
  update-type: version-update:semver-patch
  dependency-group: python-requirements
- dependency-name: pyright
  dependency-type: direct:production
  update-type: version-update:semver-patch
  dependency-group: python-requirements
- dependency-name: pytest
  dependency-type: direct:production
  update-type: version-update:semver-patch
  dependency-group: python-requirements
- dependency-name: tox
  dependency-type: direct:development
  update-type: version-update:semver-patch
  dependency-group: python-requirements
...

Signed-off-by: dependabot[bot] <support@github.com>",dependabot[bot],2024-07-01 15:28:16+00:00,10,10,20,3,15,0,2438,1,0,1,1,0,12,0,1863174.0,0,0,0.0
7621b3d96ac2d53846c4df211bc05c5e13420028,"Bump the github-actions group with 2 updates

Bumps the github-actions group with 2 updates: [actions/checkout](https://github.com/actions/checkout) and [pypa/gh-action-pypi-publish](https://github.com/pypa/gh-action-pypi-publish).


Updates `actions/checkout` from 4.1.6 to 4.1.7
- [Release notes](https://github.com/actions/checkout/releases)
- [Changelog](https://github.com/actions/checkout/blob/main/CHANGELOG.md)
- [Commits](https://github.com/actions/checkout/compare/a5ac7e51b41094c92402da3b24376905380afc29...692973e3d937129bcbf40652eb9f2f61becf3332)

Updates `pypa/gh-action-pypi-publish` from 1.8.14 to 1.9.0
- [Release notes](https://github.com/pypa/gh-action-pypi-publish/releases)
- [Commits](https://github.com/pypa/gh-action-pypi-publish/compare/81e9d935c883d0b210363ab89cf05f3894778450...ec4db0b4ddc65acdf4bff5fa45ac92d78b56bdf0)

---
updated-dependencies:
- dependency-name: actions/checkout
  dependency-type: direct:production
  update-type: version-update:semver-patch
  dependency-group: github-actions
- dependency-name: pypa/gh-action-pypi-publish
  dependency-type: direct:production
  update-type: version-update:semver-minor
  dependency-group: github-actions
...

Signed-off-by: dependabot[bot] <support@github.com>",dependabot[bot],2024-07-01 15:56:20+00:00,5,5,10,2,15,0,1243,1,0,0,1,1,12,0,1684.0,0,0,0.0
088b58dbceb09b3234926af8488c016227bd7c0e,Bump the github-actions group with 2 updates (#5516),David Lord,2024-07-01 19:47:02+00:00,5,5,10,2,19,0,52,0,0,0,1,1,250,0,13842.0,0,0,0.0
926ab92118006c74a0a33bcb8f770522d007349a,Bump the python-requirements group in /requirements with 5 updates (#5514),David Lord,2024-07-01 23:14:08+00:00,10,10,20,3,23,0,74,0,0,1,1,1,250,0,12426.0,1,0,0.0
3d357273b50ed9c8ca660f60fde255c26ff7a228,"[pre-commit.ci] pre-commit autoupdate

updates:
- [github.com/astral-sh/ruff-pre-commit: v0.4.7 → v0.5.0](https://github.com/astral-sh/ruff-pre-commit/compare/v0.4.7...v0.5.0)",pre-commit-ci[bot],2024-07-02 00:15:33+00:00,1,1,2,1,0,1,175,0,0,0,0,1,5,0,3685.0,1,0,0.0
66af0e55ef6631d05c691707da19d0f1c46921ea,[pre-commit.ci] pre-commit autoupdate (#5517),David Lord,2024-07-02 11:17:59+00:00,1,1,2,1,11,1,45,0,0,0,0,0,250,0,39746.0,0,0,0.0
321bd74b954156553db3dca8f43b45cdd5a88f76,"Update waitress.rst

fixed a small typo",Amirreza A,2024-07-09 10:20:44+00:00,1,1,2,1,10,1,39,1,0,0,0,0,1,1,601365.0,0,0,0.0
28d5a4d71824ff5823ae310e3fd014b48b33d583,"add encoding parameter to open_resource

co-authored-by: mark <lopkophacked@protonmail.com>",David Lord,2024-07-10 14:37:32+00:00,81,53,134,4,14,2,91,0,0,1,1,1,250,0,101808.0,0,1,0.75
5353f306fe0c64ffa9e73f256ba3cb200652354d,Update waitress.rst (#5522),David Lord,2024-07-11 01:08:49+00:00,1,1,2,1,1,3,27,0,0,0,0,1,250,0,37877.0,1,0,0.0
a8956feba1e40105e7bc78fa62ce36c58d1c91e1,Add encoding parameter to open resource (#5526),David Lord,2024-07-11 02:16:46+00:00,81,53,134,4,2,3,47,0,0,1,1,1,250,0,4077.0,1,1,0.75
4fe0aebab79a092615f5f86a24b91bac07fb2ef2,"Bump the github-actions group with 3 updates

Bumps the github-actions group with 3 updates: [actions/setup-python](https://github.com/actions/setup-python), [actions/upload-artifact](https://github.com/actions/upload-artifact) and [actions/download-artifact](https://github.com/actions/download-artifact).


Updates `actions/setup-python` from 5.1.0 to 5.1.1
- [Release notes](https://github.com/actions/setup-python/releases)
- [Commits](https://github.com/actions/setup-python/compare/82c7e631bb3cdc910f68e0081d67478d79c6982d...39cd14951b08e74b54015e9e001cdefcf80e669f)

Updates `actions/upload-artifact` from 4.3.3 to 4.3.4
- [Release notes](https://github.com/actions/upload-artifact/releases)
- [Commits](https://github.com/actions/upload-artifact/compare/65462800fd760344b1a7b4382951275a0abb4808...0b2256b8c012f0828dc542b3febcab082c67f72b)

Updates `actions/download-artifact` from 4.1.7 to 4.1.8
- [Release notes](https://github.com/actions/download-artifact/releases)
- [Commits](https://github.com/actions/download-artifact/compare/65a9edc5881444af0b9093a5e628f2fe47ea3b2e...fa0a91b85d4f404e444e00e005971372dc801d16)

---
updated-dependencies:
- dependency-name: actions/setup-python
  dependency-type: direct:production
  update-type: version-update:semver-patch
  dependency-group: github-actions
- dependency-name: actions/upload-artifact
  dependency-type: direct:production
  update-type: version-update:semver-patch
  dependency-group: github-actions
- dependency-name: actions/download-artifact
  dependency-type: direct:production
  update-type: version-update:semver-patch
  dependency-group: github-actions
...

Signed-off-by: dependabot[bot] <support@github.com>",dependabot[bot],2024-08-01 15:48:34+00:00,6,6,12,2,15,3,1683,1,0,0,1,0,12,0,1863108.0,0,0,0.0
a791997041b94b8a5effebc296cb427fde8e0ee5,Bump the github-actions group with 3 updates (#5539),David Lord,2024-08-03 14:28:45+00:00,6,6,12,2,14,5,52,0,0,0,1,1,250,0,168011.0,0,0,0.0
326ad3f43c63f84a69d6d08af276cbdf653efc51,"[pre-commit.ci] pre-commit autoupdate

updates:
- [github.com/astral-sh/ruff-pre-commit: v0.5.0 → v0.5.6](https://github.com/astral-sh/ruff-pre-commit/compare/v0.5.0...v0.5.6)",pre-commit-ci[bot],2024-08-05 23:09:19+00:00,1,1,2,1,23,0,175,0,0,0,0,1,5,0,204034.0,1,0,0.0
8a6cdf1e2a5efa81c30f6166602064ceefb0a35b,[pre-commit.ci] pre-commit autoupdate (#5541),David Lord,2024-08-06 15:31:00+00:00,1,1,2,1,15,1,45,0,0,0,0,1,250,0,58901.0,0,0,0.0
9e831e915fa875423af0c0de8f53a3780055919e,fix pyright type errors,bre-17387639,2024-08-06 22:46:15+00:00,22,19,41,10,22,1,23,1,0,1,1,0,1,1,26115.0,1,1,0.8
0f2ae2b9330604247f553f41d310e7c0191275ef,add gha-update,David Lord,2024-08-23 23:32:33+00:00,24,9,33,2,23,4,14,0,0,1,1,0,250,0,1471578.0,1,0,0.0
29a94bd102805eafcea94a185808cd878cd3f5ad,update dev dependencies,David Lord,2024-08-23 23:33:27+00:00,79,85,164,9,23,4,23,0,0,1,1,0,250,0,54.0,1,1,0.0
2d31dce8262a68875c177645fa0c7585a45ac447,remove dependabot,David Lord,2024-08-23 23:33:40+00:00,0,24,24,1,23,4,17,0,0,1,0,0,250,0,13.0,1,0,0.0
176fdfa0002360670f698d3828cfff11f97349f0,fix mypy findings,David Lord,2024-08-23 23:33:52+00:00,14,2,16,2,23,4,17,1,0,1,1,0,250,0,12.0,1,0,1.0
2c5d652493b79eecadd4407f24f2249948bd6ff2,remove unused config,David Lord,2024-08-23 23:33:59+00:00,0,1,1,1,23,4,20,0,0,0,0,1,250,0,7.0,1,0,0.0
4e6384da325f5c328526b998d199c6f957f90ea8,Merge branch '3.0.x',David Lord,2024-08-23 23:34:57+00:00,112,104,216,16,23,4,20,0,0,1,1,1,250,0,58.0,1,1,0.1875
40b78fa2ea9095197608287de9f0d902d2763b00,fix min python for pip-compile,David Lord,2024-08-23 23:41:39+00:00,81,24,105,6,23,4,30,1,0,1,1,1,250,0,402.0,1,0,0.0
eeb5f95a0f24abc5207159cc922cdda8d779f4f6,Merge branch '3.0.x',David Lord,2024-08-23 23:41:53+00:00,81,24,105,6,23,4,20,0,0,1,1,1,250,0,14.0,1,0,0.0
c77b099cbb979269d45df06753cadd8abc662e23,remove min python for pip-compile,David Lord,2024-08-24 00:18:38+00:00,23,81,104,6,0,5,33,0,0,1,1,1,250,0,2205.0,1,0,0.0
7e5307030743b1f198da38c36f83fd279bad4529,Merge branch '3.0.x',David Lord,2024-08-24 00:20:31+00:00,23,81,104,6,0,5,20,0,0,1,1,1,250,0,113.0,1,0,0.0
f93dd6e826a9bf00bf9e08d9bb3a03abcb1e974c,remove pre-commit.ci update,David Lord,2024-08-24 01:05:21+00:00,0,2,2,1,1,5,27,0,0,0,0,0,250,0,2690.0,1,0,0.0
db49548d7168bba319fdba400bc201528cb1d3cd,"set up pre-commit lite workflow

Committed via https://github.com/asottile/all-repos",David Lord,2024-09-01 15:32:27+00:00,15,0,15,1,15,6,84,0,0,1,0,0,250,0,743226.0,0,0,0.0
111e5bd3129deee54ff62b0d13ed7e5739c27108,"set up pre-commit lite workflow

Committed via https://github.com/asottile/all-repos",David Lord,2024-09-01 15:48:02+00:00,0,0,0,1,15,6,84,0,0,0,0,0,250,0,935.0,0,0,0.0
2fec0b206c6e83ea813ab26597e15c96fab08be7,"set up pre-commit lite workflow

Committed via https://github.com/asottile/all-repos",David Lord,2024-09-01 16:04:14+00:00,1,0,1,1,16,6,84,0,0,0,0,0,250,0,972.0,0,0,0.0
e63ead4208c1e56723532878728ef9c2eb197b01,Fix typo in the changelog,Grey Li,2024-09-22 13:42:35+00:00,1,1,2,1,13,6,25,1,0,0,0,0,1,1,1805901.0,0,0,0.0
b337d210583a3f5f84d0f70b56ae9a82b029dab5,update dev dependencies,David Lord,2024-10-18 17:02:35+00:00,67,56,123,9,17,4,23,0,0,1,1,1,250,0,2258400.0,0,1,0.1111111111111111
bca18041b055102857a7e8a12f8694fddda9571b,Merge branch '3.0.x',David Lord,2024-10-18 17:03:09+00:00,67,56,123,9,17,4,20,0,0,1,1,1,250,0,34.0,0,1,0.1111111111111111
c5a5576522273ff028018c4e13d1fc4d0260495b,update CHANGES.rst,David Lord,2024-10-18 17:03:49+00:00,3,0,3,1,17,4,18,0,0,0,0,1,250,0,40.0,0,0,0.0
52c060f718e0f07e9d982d2d97973ead0f4d55ca,Fix typo in the changelog (#5609),David Lord,2024-10-18 19:59:21+00:00,1,1,2,1,19,4,33,1,0,0,0,0,250,0,10532.0,0,0,0.0
dffe3034825edc4f84aded013fc9c6590e545ed5,fix mypy findings,David Lord,2024-10-18 20:04:35+00:00,1,1,2,1,20,4,17,1,0,0,0,1,250,0,314.0,0,0,1.0
52ccd66735ba1f6e67d06e747d6a641980b788a3,use python 3.9 to test dev versions,David Lord,2024-10-18 20:19:51+00:00,2,2,4,2,20,4,35,0,0,0,1,1,250,0,916.0,0,0,0.0
d273f87a41e72db8ef1387f469ffa1c6eed39730,use python 3.9 to test dev versions (#5615),David Lord,2024-10-18 20:22:45+00:00,2,2,4,2,20,4,43,0,0,0,1,1,250,0,174.0,0,0,0.0
74721b48f0347f19f134f386fab3421e5132fb53,Fix the issue link in the Flask 3.0.1 Changelog in the send_file argument type entry,Catarina Bressan,2024-10-22 20:32:02+00:00,1,1,2,1,20,1,84,1,0,0,0,1,1,1,346157.0,0,0,0.0
68150d4cafc796dba2b595c320a09222394bfc1a,Fix the issue link in the Flask 3.0.1 Changelog in the send_file argu… (#5618),David Lord,2024-10-22 21:16:56+00:00,1,1,2,1,21,1,78,1,0,0,0,1,250,0,2694.0,0,0,0.0
9b5549313e98044b89edb7078641d1d729b4a6c2,Merge branch '3.0.x',David Lord,2024-10-23 20:45:17+00:00,3,3,6,3,20,2,20,0,0,0,1,1,250,0,84501.0,0,0,0.0
8f2bc008ad724a52f3669ecb2de59c98deb69ce1,update dev dependencies,David Lord,2024-10-24 20:27:52+00:00,15,15,30,6,20,3,23,0,0,1,1,1,250,0,85355.0,0,1,0.0
96800fb673cb7b2d75476096798e701e3e6d26bc,update test workflow trigger,David Lord,2024-10-24 20:28:46+00:00,3,11,14,1,20,3,28,0,0,1,0,1,250,0,54.0,0,0,0.0
2778b7c23f37d4f3cfed4cadac4bc9c90e098c50,Merge branch 'stable',David Lord,2024-10-24 20:28:57+00:00,19,27,46,7,20,3,21,0,0,1,1,0,250,0,11.0,0,1,0.0
5e8cb740187c0561b36323dfc8510e58c3066838,update test workflow trigger,David Lord,2024-10-24 20:29:34+00:00,1,1,2,1,20,3,28,0,0,0,0,0,250,0,37.0,0,0,0.0
e8b91cd38aadafdf733558bbcea4810fa65bb849,fix pyright type errors (#5620),David Lord,2024-10-24 21:54:53+00:00,22,19,41,10,21,3,31,1,0,1,1,1,250,0,5119.0,0,0,0.8
1d610e44b396d11113bb6a5d168cc5e996a6dfb9,drop support for Python 3.8,David Lord,2024-10-31 19:28:46+00:00,25,42,67,12,19,3,27,0,0,1,1,1,250,0,596033.0,0,0,0.4166666666666667
99ce7ed0e40686ec2583f90bd1cca37a207b4ea7,drop support for Python 3.8 (#5623),David Lord,2024-10-31 19:32:10+00:00,25,42,67,12,19,3,35,0,0,1,1,1,250,0,204.0,0,0,0.4166666666666667
227838c4727ba780e6fb4a7c372ae62357cac4c6,no need for separate requirements-skip folder anymore,David Lord,2024-10-31 19:59:47+00:00,3,4,7,5,19,3,53,0,0,0,1,1,250,0,1657.0,0,0,0.0
39e7208366bcf549fd7a2678a6d815dfe39196c5,update dev dependencies,David Lord,2024-10-31 20:04:44+00:00,57,56,113,6,20,3,23,0,0,1,1,0,250,0,297.0,0,0,0.0
8f37c82f6144fffc2ed30e49ee81a54702a0f317,update min dependencies,David Lord,2024-10-31 20:11:06+00:00,13,11,24,5,20,3,23,0,0,1,1,0,250,0,382.0,0,0,0.0
62c56e08c43f5eb174d15dd050591cfba9aed548,update minimum dependencies (#5624),David Lord,2024-10-31 20:15:29+00:00,76,74,150,12,20,3,35,0,0,1,1,0,250,0,263.0,0,1,0.0
c7a53888a1a514619b0611fd8b7928592f4ed612,add config and docs for limits,David Lord,2024-11-01 20:13:05+00:00,231,33,264,7,20,4,30,0,0,1,1,0,250,0,86256.0,0,1,0.5714285714285714
6f2014d353d514e404c1f40e8f0a24e2bf62b941,add config and docs for limits (#5626),David Lord,2024-11-01 20:21:35+00:00,231,33,264,7,20,4,38,0,0,1,1,0,250,0,510.0,0,0,0.5714285714285714
ce08bc704e24c01582052f5c544fae181d08386f,add SESSION_COOKIE_PARTITIONED config (#5499),David Lord,2024-11-01 23:26:37+00:00,34,0,34,5,23,4,45,0,0,1,1,0,250,0,11102.0,1,0,0.6
df201ed152b61c439ea1ace179f35b424594ba6c,fix js example test,David Lord,2024-11-01 23:44:17+00:00,1,1,2,1,23,4,19,1,0,0,0,0,250,0,1060.0,1,0,1.0
8aa161a43731795841fa2678d3dff0559cee527e,add sqlite datetime converter,David Lord,2024-11-02 00:18:52+00:00,14,0,14,2,0,5,29,0,0,1,1,1,250,0,2075.0,1,0,0.5
a9b99b3489cc24b5bed99fbadbd91f598a5a1420,update example project metadata,David Lord,2024-11-02 01:00:39+00:00,6,4,10,5,1,5,31,0,0,0,1,1,250,0,2507.0,1,0,0.0
c62b03bcfd6e6440f8195e02f4678488e16121ac,fix example and tutorial compatibility and update metadata (#5627),David Lord,2024-11-02 01:06:11+00:00,21,5,26,8,1,5,66,1,0,1,1,1,250,0,332.0,1,0,0.25
98ae71897600a3162f529b1b30c70b8abdf0961b,fix mypy finding,David Lord,2024-11-02 01:06:34+00:00,1,1,2,1,1,5,16,1,0,0,0,1,250,0,23.0,1,0,1.0
6c44dd4bb8e4f2ca5f135f172de4725b2cada155,"update helpers.send_from_directory docstring (#5599)

Update helpers.send_from_directory docstring to match werkzeug.utils.send_from_directory docstring on the :param directory: line.",David,2024-11-06 17:47:57+00:00,2,1,3,1,17,2,183,0,0,0,0,1,1,1,405683.0,0,0,1.0
2c3160304278d323da8485057770926d1b582579,update env file precedence,David Lord,2024-11-07 19:27:51+00:00,90,47,137,3,19,3,26,0,0,1,1,1,250,0,92394.0,0,1,0.6666666666666666
7522c4bcdb10449dc919e0ffbdebb92fe66822b5,update env file precedence (#5630),David Lord,2024-11-07 19:56:26+00:00,90,47,137,3,19,3,34,0,0,1,1,1,250,0,1715.0,0,1,0.6666666666666666
e13373f838ab34027c5a80e16a6cb8262d41eab7,enable secret key rotation,David Lord,2024-11-08 16:09:01+00:00,55,7,62,9,16,4,26,0,0,1,1,0,250,0,72755.0,0,0,0.6666666666666666
a20bcff8dc4e263312cfd74c11e432bfe8c194c1,enable secret key rotation (#5632),David Lord,2024-11-08 16:16:04+00:00,55,7,62,9,16,4,34,0,0,1,1,0,250,0,423.0,0,0,0.6666666666666666
470e2b8d17fd0032271b21f1d6775d48c3855a79,update min blinker version,David Lord,2024-11-08 17:48:59+00:00,4,4,8,4,17,4,26,0,0,0,1,0,250,0,5575.0,0,0,0.0
07c7d5730a2685ef2281cc635e289685e5c3d478,update min blinker version (#5633),David Lord,2024-11-08 17:55:00+00:00,4,4,8,4,17,4,34,0,0,0,1,0,250,0,361.0,0,0,0.0
4995a775df21a206b529403bc30d71795a994fd4,fix subdomain_matching=False behavior,David Lord,2024-11-11 04:13:05+00:00,98,43,141,5,4,0,37,1,0,1,1,0,250,0,209885.0,1,1,0.6
10bdf61a0f751f3cb000f8f8ac5ac5b4bb535677,setting `SERVER_NAME` does not restrict routing for both `subdomain_matching` and `host_matching` (#5634),David Lord,2024-11-12 18:13:39+00:00,98,43,141,5,18,1,105,0,0,1,1,1,250,0,136834.0,0,0,0.6
4f7156f2c3271613b34d04040b502b9d7ae35eb9,configure and check trusted_hosts,David Lord,2024-11-13 04:32:53+00:00,40,0,40,4,4,2,33,0,0,1,1,1,250,0,37154.0,1,0,0.5
7b21d43d4c763b874bc86d4c2d69a48ee492dc22,configure and check `request.trusted_hosts` (#5637),David Lord,2024-11-13 05:03:23+00:00,40,0,40,4,5,2,51,0,0,1,1,1,250,0,1830.0,1,0,0.5
f49dbfd3e451006a485e81ebce030495131c4454,use generic bases for session,David Lord,2024-11-13 16:22:57+00:00,7,5,12,1,16,2,29,0,0,0,0,0,250,0,40774.0,0,0,1.0
2eab96a32a92ceb4b6947102626f896816a0291d,use generic bases for session (#5638),David Lord,2024-11-13 16:27:11+00:00,7,5,12,1,16,2,37,0,0,0,0,0,250,0,254.0,0,0,1.0
ab8149664182b662453a563161aa89013c806dc9,release version 3.1.0,David Lord,2024-11-13 16:43:28+00:00,3,3,6,2,16,2,21,0,0,0,1,0,250,0,977.0,0,0,0.0
22c48a738b5fb5b5cf09fb77270139f116069748,Merge remote-tracking branch 'origin/stable',David Lord,2024-11-13 16:43:48+00:00,23,6,29,9,16,2,44,0,0,1,1,0,250,0,20.0,0,0,0.3333333333333333
6748a09341deeac16acb33996df95a31fae0c545,update dev dependencies,David Lord,2024-11-13 16:48:10+00:00,11,11,22,7,16,2,23,0,0,1,1,0,250,0,262.0,0,0,0.0
70602a196a6da90eb0d34cdfe5d4d16a99606279,remove test pypi,David Lord,2024-11-13 17:23:24+00:00,0,4,4,1,17,2,16,0,0,0,0,0,250,0,2114.0,0,0,0.0
bc098406af9537aacc436cb2ea777fbc9ff4c5aa,release version 3.1.0 (#5640),David Lord,2024-11-13 18:27:38+00:00,3,3,6,2,18,2,29,0,0,0,1,0,250,0,3854.0,0,0,0.0
410e5ab7ed0ef326fa8b5164a633863f137ffff5,Accept `AsyncIterable` for responses,CoolCat467,2024-11-18 18:55:14+00:00,6,0,6,2,18,0,36,0,0,0,1,0,1,1,433656.0,0,0,0.5
18ffe1eaf6c2eeffc898f4e8a590c062c40b30dc,add gettext config for docs,David Lord,2024-11-21 03:37:06+00:00,3,0,3,1,3,3,27,0,0,0,0,0,250,0,204112.0,1,0,1.0
54c3f87af9f6c0d6622cec2c3d9695b0229fb8fa,fix type hint for `cli_runner.invoke`,kurtatter,2024-11-23 00:23:09+00:00,4,1,5,2,0,5,37,1,0,0,1,0,1,1,161163.0,1,0,0.5
4fec712f329ceecd38729af6404a2c32aed83648,start version 3.2.0,David Lord,2024-11-23 23:33:38+00:00,7,1,8,2,23,5,19,0,0,0,1,0,250,0,83429.0,1,0,0.0
d22bfcd4cfe3b93daddfce8521f77447ca8d6b84,remove previously deprecated code,David Lord,2024-11-23 23:41:36+00:00,2,21,23,2,23,5,33,0,0,1,1,0,250,0,478.0,1,1,0.5
d5b7a05ab2a053c617149cfd4f7e3379bfd279e5,remove previously deprecated code (#5648),David Lord,2024-11-23 23:59:30+00:00,2,21,23,2,23,5,41,0,0,1,1,0,250,0,1074.0,1,0,0.5
dcbe86bd1577bad9a1356acca5fced7d3fb3a0c3,start version 3.1.1,David Lord,2024-11-24 00:01:16+00:00,7,1,8,2,0,6,19,0,0,0,1,0,250,0,106.0,1,0,0.0
b394a994e6d632643d0061e0e67772f076925951,update `__version__` deprecation,David Lord,2024-11-24 00:03:47+00:00,1,1,2,1,0,6,32,0,0,0,0,0,250,0,151.0,1,0,1.0
ea08f155d8d37d515559534bbe0f80ef5185466c,update `__version__` deprecation (#5649),David Lord,2024-11-24 00:06:37+00:00,1,1,2,1,0,6,40,0,0,0,0,0,250,0,170.0,1,0,1.0
f2674c5bb4f7a79f836069859a346b81771eeee5,fix type hint for `cli_runner.invoke` (#5647),David Lord,2024-11-24 01:52:56+00:00,4,1,5,2,1,6,45,1,0,0,1,1,250,0,6379.0,1,0,0.5
6b054f8f3876ff4c31580b014d344c4cf491059d,Merge branch 'stable',David Lord,2024-11-24 01:54:29+00:00,13,1,14,3,1,6,21,0,0,1,1,1,250,0,93.0,1,1,0.6666666666666666
75a8327cfd6eb912e469a8a613151d7ee50a1c1c,Update mongoengine.rst,zhuangzhuang,2024-11-27 10:14:18+00:00,1,1,2,1,10,2,22,0,0,0,0,1,1,1,289189.0,0,0,0.0
6b361ce06b08454329286214072139228e8c2f33,markdown formatting,David Lord,2025-01-05 17:01:49+00:00,4,6,10,1,17,6,19,0,0,0,0,1,250,0,3394051.0,0,0,0.0
5b525e97970b1b9706b4415de79abfe33e5955fc,"markdown formatting

(cherry picked from commit 6b361ce06b08454329286214072139228e8c2f33)",David Lord,2025-01-05 17:01:49+00:00,4,6,10,1,17,6,89,0,0,0,0,0,250,0,0.0,0,0,0.0
959052fb8d49c4473f6d8a928d745ae7c38c7e95,"use global contributing guide

Remove the per-project files so we don't have to
keep them in sync. GitHub's UI links to everything
except the contributing guide, so add a section
about that to the readme.

(cherry picked from commit 60a11a730e8aa2450115385798ab8710804c6409)",David Lord,2025-01-05 17:02:41+00:00,18,317,335,5,17,6,274,0,0,1,1,0,250,0,52.0,0,1,0.0
60a11a730e8aa2450115385798ab8710804c6409,"use global contributing guide

Remove the per-project files so we don't have to
keep them in sync. GitHub's UI links to everything
except the contributing guide, so add a section
about that to the readme.",David Lord,2025-01-05 17:02:41+00:00,18,317,335,5,17,6,204,0,0,1,1,1,250,0,0.0,0,1,0.0
f61172b8dd3f962d33f25c50b2f5405e90ceffa5,Merge branch 'stable',David Lord,2025-01-05 17:10:00+00:00,0,0,0,0,17,6,21,0,0,0,0,0,250,0,439.0,0,0,0.0
f51a23839aa55aee2f2a9196c344df6eecd854d7,fix bash cli syntax error and app name,kotvkvante,2025-01-25 22:12:11+00:00,2,2,4,1,22,5,38,1,0,0,0,1,1,1,1746131.0,1,0,0.0
da600394865c06a4772c433c1a560453dcf4f868,"Handle help arg by itself the same as no args

When the 'flask' command is used with only the '--help' parameter, this
change will make sure to try and load the app before the help callback
is run. This was previously only being done when the 'flask' command was
used by itself. This meant when passing in '--help', any custom commands
were not getting shown in the help message. With this change, custom
commands will be included in the help message when running 'flask' on
the command line by itself or with the '--help' parameter.",George Waters,2025-01-30 03:22:52+00:00,5,1,6,2,3,3,533,0,0,0,1,1,1,1,364241.0,1,0,0.5
fb54159861708558b5f5658ebdc14709d984361c,"secret key rotation: fix key list ordering

The `itsdangerous` serializer interface[1] expects keys to be
provided with the oldest key at index zero and the active signing key
at the end of the list.

We document[2] that `SECRET_KEY_FALLBACKS` should be configured with
the most recent first (at index zero), so to achieve the expected
behaviour, those should be inserted in reverse-order at the head of
the list.

[1] - https://itsdangerous.palletsprojects.com/en/stable/serializer/#itsdangerous.serializer.Serializer

[2] - https://flask.palletsprojects.com/en/stable/config/#SECRET_KEY_FALLBACKS",James Addison,2025-03-10 16:34:12+00:00,15,5,20,3,16,0,598,1,0,1,1,0,1,1,3417080.0,0,0,0.6666666666666666
2ae36c8dd5c9d24578d9fca85f8c351290d0de04,"Remove HTTP Public Key Pinning from docs

The header is considered obsolete and no longer supported by any major
browser. MDN link is dead.",black,2025-03-24 09:42:52+00:00,0,13,13,1,9,0,139,0,0,1,0,0,1,1,1184920.0,0,0,0.0
235c52fa10094135746d04a5b6a7bea8125357f0,fix rtd build,David Lord,2025-03-29 21:37:13+00:00,1,0,1,1,21,5,13,1,0,0,0,0,250,0,474861.0,0,0,0.0
165af0a090e229e94ccd93896efc15b9fe0488da,update dev dependencies,David Lord,2025-03-29 21:44:59+00:00,64,58,122,10,21,5,23,0,0,1,1,1,250,0,466.0,0,1,0.2
04b070fa26b346b48bd66d317e72de75e001a2e7,Fix typo in the docs (#5650),David Lord,2025-03-29 21:49:06+00:00,1,1,2,1,21,5,28,1,0,0,0,1,250,0,247.0,0,0,0.0
08c480b3b31e896698bb773069026a61eb53d158,Update app factory docs (#5671),David Lord,2025-03-29 22:10:55+00:00,2,2,4,1,22,5,31,0,0,0,0,1,250,0,1309.0,1,0,0.0
5ea0ab8ea21b0c11ee6098e6b052463687af602a,Handle help arg by itself the same as no args (#5674),David Lord,2025-03-29 22:15:04+00:00,5,1,6,2,22,5,53,0,0,0,1,1,250,0,249.0,1,0,0.5
c7c8dc38ea2890d62b7aaff7e4c016e4b98101b0,Remove HTTP Public Key Pinning from docs (#5695),David Lord,2025-03-29 22:17:48+00:00,0,13,13,1,22,5,48,0,0,1,0,0,250,0,164.0,1,0,0.0
7d5d1874581209f66ad7bcdfb7f85b2b9a7ca471,better type checking during deprecation,David Lord,2025-03-29 22:23:34+00:00,14,13,27,1,22,5,39,0,0,1,0,0,250,0,346.0,1,1,1.0
315ebc11765ed3b9da8b5271602e89a403376c24,better type checking during deprecation (#5700),David Lord,2025-03-29 22:28:27+00:00,14,13,27,1,22,5,47,0,0,1,0,0,250,0,293.0,1,0,1.0
c94d2a77db0102a7cf8ceec7804f366f180c373f,add endpoint name in favicon example,David Lord,2025-03-29 22:30:56+00:00,5,2,7,1,22,5,36,0,0,0,0,0,250,0,149.0,1,0,0.0
2732c4db66763462c2795d2287b61d4f77031342,add endpoint name in favicon example (#5701),David Lord,2025-03-29 22:32:28+00:00,5,2,7,1,22,5,44,0,0,0,0,0,250,0,92.0,1,0,0.0
41ec5760a2c55a099c3a1733fdd36fbb1258a02b,remove tests about deprecated pkgutil.get_loader,David Lord,2025-03-29 22:42:58+00:00,3,35,38,2,22,5,48,0,0,1,1,0,250,0,630.0,1,0,1.0
73ce26c3e822cdc2ccf99625619a50c91f163f8d,remove tests about deprecated pkgutil.get_loader (#5702),David Lord,2025-03-29 22:45:11+00:00,3,35,38,2,22,5,56,0,0,1,1,0,250,0,133.0,1,0,1.0
bfffe87d4c2ea255b9a51432bebb3d28741245c4,add ghsa links,David Lord,2025-03-29 22:57:16+00:00,2,0,2,2,22,5,14,0,0,0,1,0,250,0,725.0,1,0,0.5
cbb6c36692f7d882e9026597624c0eb38e01f9cb,update docs about fallback order,David Lord,2025-03-29 23:18:43+00:00,6,3,9,1,23,5,32,0,0,0,0,1,250,0,1287.0,1,0,0.0
e7851665071cb93b3c70b1e7103f82d1e6d01f5d,Async Iterable Response (#5659),David Lord,2025-03-30 20:15:54+00:00,6,0,6,2,20,6,31,0,0,0,1,0,250,0,75431.0,0,0,0.5
b78b5a210bde49e7e04b62a2a4f453ca10e0048c,Merge branch 'stable',David Lord,2025-03-30 20:17:17+00:00,89,112,201,21,20,6,21,0,0,1,1,0,250,0,83.0,0,1,0.3333333333333333
7bf3be8dfa5832ef03a3fd8f07f6736e770440e4,"Update server.rst

made changes to rename system preferences to system settings according to new mac os name change",abhiram kamini,2025-05-01 15:40:57+00:00,1,1,2,1,15,3,115,0,0,0,0,1,1,1,2748220.0,0,0,0.0
11c45eeba3b5bcf06b84f4e864862f1019a3faa3,update dev dependencies,David Lord,2025-05-11 12:58:48+00:00,34,34,68,11,12,6,23,0,0,1,1,0,250,0,854271.0,0,0,0.09090909090909091
0109e496f6ca68de29480fe6413e81b1d3f86aa9,use uv,David Lord,2025-05-12 00:45:03+00:00,1876,534,2410,24,0,0,6,0,0,1,1,0,250,0,42375.0,1,1,0.041666666666666664
941efd4a36ed0f27e13758874f95e3aa1d3ee163,use uv (#5727),David Lord,2025-05-12 01:04:35+00:00,1876,534,2410,24,1,0,14,0,0,1,1,0,250,0,1172.0,1,1,0.041666666666666664
bc143499cf1137a271a7cf75bdd3e16e43ede2f0,Merge branch 'stable',David Lord,2025-05-12 01:08:43+00:00,1870,528,2398,23,1,0,21,0,0,1,1,0,250,0,248.0,1,0,0.0
73d6504063bfa00666a92b07a28aaf906c532f09,"Merge commit from fork

Sessions: fix signing key selection when key rotation is enabled",David Lord,2025-05-13 14:46:54+00:00,21,8,29,4,14,1,88,1,0,1,1,1,250,0,135491.0,0,0,0.5
7fff56f5172c48b6f3aedf17ee14ef5c2533dfd1,release version 3.1.1,David Lord,2025-05-13 14:51:12+00:00,4,4,8,3,14,1,21,0,0,0,1,1,250,0,258.0,0,0,0.0
57e72869486e89b45f6fd0a07cdd0adf80f5db1b,release version 3.1.1 (#5730),David Lord,2025-05-13 15:01:42+00:00,4,4,8,3,15,1,29,0,0,0,1,1,250,0,630.0,0,0,0.0
bbaf13333fd00644313488243cfe547b13dcae78,fix syntax,David Lord,2025-05-13 15:09:39+00:00,2,2,4,1,15,1,10,1,0,0,0,1,250,0,477.0,0,0,0.0
e7e53807766ef1470bce546716a675ded4b08597,Merge branch 'stable',David Lord,2025-05-13 15:10:30+00:00,24,11,35,4,15,1,21,0,0,1,1,1,250,0,51.0,0,1,0.5
52df9eed45d0b19c588662ed8492d8fbaa0e7098,drop end of life python versions,David Lord,2025-05-13 15:31:54+00:00,78,284,362,11,15,1,32,0,0,1,1,1,250,0,1284.0,0,1,0.45454545454545453
a5f9742398c9429ef84ac8a57b0f3eb418394d9e,drop end of life python versions (#5731),David Lord,2025-05-13 15:35:41+00:00,78,284,362,11,15,1,40,0,0,1,1,1,250,0,227.0,0,1,0.45454545454545453
daf1510a4bda652ac2cfca03ec5567b03ddf8bf1,use template_filter without parens,kadai0308,2025-05-17 04:17:18+00:00,272,23,295,6,4,5,34,0,0,1,1,0,1,1,304897.0,1,0,0.6666666666666666
184ec3c5453e1156372085df35e8d922ce7e3559,Fix global CONTRIBUTING link,AJ Jordan,2025-05-18 15:11:00+00:00,1,1,2,1,15,6,28,1,0,0,0,0,1,1,125622.0,0,0,0.0
a42c4d54a3e5cd56c0700479ede75157a748acd6,Fix global CONTRIBUTING link (#5737),David Lord,2025-05-20 16:30:04+00:00,1,1,2,1,16,1,36,1,0,0,0,1,250,0,177544.0,0,0,0.0
0f83958247e9eab1c7f62903601dfd5fe10c640f,"demonstrate escaping with query string

slash in value would be interpreted as a path separator in the URL",Badhreesh,2025-05-21 18:35:11+00:00,6,8,14,1,18,2,106,0,0,1,0,0,1,1,93907.0,0,0,0.0
adeea0070700671230733879846417c80f4e62b1,"remove slsa provenance

PyPI trusted publishing has its own attestation support now.",David Lord,2025-06-08 16:43:05+00:00,3,26,29,2,16,6,84,0,0,1,1,1,250,0,1548474.0,0,0,0.0
c07b201ce336c3e49ae3b6fa81aaf4fb871d90ba,"Merge pull request #5754

remove slsa provenance",David Lord,2025-06-08 16:47:45+00:00,3,26,29,2,16,6,48,0,0,1,1,1,250,0,280.0,0,0,0.0
f04c5e696400badaa52b3450ded53e9091c2078a,update dev dependencies,David Lord,2025-06-08 16:52:11+00:00,239,229,468,11,16,6,23,0,0,1,1,0,250,0,266.0,0,1,0.5454545454545454
e9741288637e0d9abe95311247b4842a017f7d5c,Merge branch 'stable',David Lord,2025-06-08 16:54:32+00:00,220,233,453,13,16,6,21,0,0,1,1,0,250,0,141.0,0,1,0.46153846153846156
a758915893352f5986c6ee101cdf7e3b7a64fa28,svg logo,David Lord,2025-06-09 21:31:31+00:00,9,3,12,9,21,0,8,0,0,0,1,0,250,0,103019.0,0,0,0.1111111111111111
a7b67c99f922f26b1071a90994e14261dc0a6df2,svg logo (#5757),David Lord,2025-06-09 21:33:26+00:00,9,3,12,9,21,0,16,0,0,0,1,0,250,0,115.0,0,0,0.1111111111111111
211cce038ab6354a15a76b2c7f98fa98bfc9e6a3,Merge branch 'stable',David Lord,2025-06-09 21:33:44+00:00,9,3,12,9,21,0,21,0,0,0,1,0,250,0,18.0,0,0,0.1111111111111111
2b42a803a25e56a3a0e2af939ee5be4dcc3f29c8,cleanup svg,David Lord,2025-06-10 04:20:36+00:00,3,3,6,3,4,1,11,0,0,0,1,0,250,0,24412.0,1,0,0.0
d6009c0aeb3c7fe3a841733e9dbdfbbb63b9bfd1,Merge branch 'stable',David Lord,2025-06-10 04:20:46+00:00,3,3,6,3,4,1,21,0,0,0,1,0,250,0,10.0,1,0,0.0
f17d9869489aea57d3fa05d5a3f1504fcf8e588c,cleanup svg,David Lord,2025-06-10 20:18:15+00:00,59,3,62,3,20,1,11,0,0,1,1,0,250,0,57449.0,0,1,0.0
284273e3c5d8005bbb4b43c4d934409a5215886e,Merge branch 'stable',David Lord,2025-06-10 20:18:26+00:00,59,3,62,3,20,1,21,0,0,1,1,0,250,0,11.0,0,1,0.0
85cc71046475f9cb3efd17d496356795961249f9,svg logo,David Lord,2025-06-12 20:46:49+00:00,48,52,100,8,20,3,8,0,0,1,1,0,250,0,174503.0,0,1,0.125
85c5d93cbd049c4bd0679c36fd1ddcae8c37b642,Merge branch 'stable',David Lord,2025-06-12 20:48:07+00:00,48,52,100,8,20,3,21,0,0,1,1,0,250,0,78.0,0,0,0.125
d44f1c65239c3e33509224aa1931631243dbfa7f,relax type hint for bytes io,Tero Vuotila,2025-07-16 09:21:50+00:00,2,1,3,2,9,2,28,0,0,0,1,1,1,1,2896423.0,0,0,0.5
4dd52ca9c768c9b6d04180f0547d6f4b6e34f211,Update GitHub Actions workflow for artifact handling,Grant Birkinbine,2025-08-07 04:44:28+00:00,16,3,19,1,4,3,52,0,0,1,0,0,1,1,1884158.0,1,0,0.0
53b8f08218796d95764c5252bccd8a50a173a6fb,push preserved contexts in correct order,David Lord,2025-08-18 16:41:03+00:00,15,23,38,3,16,0,40,0,0,1,1,0,250,0,993395.0,0,0,0.6666666666666666
5addaf833b2e8c7a616f89dd8ad5a44b07d7c000,start version 3.1.2,David Lord,2025-08-18 16:42:21+00:00,9,3,12,3,16,0,19,0,0,0,1,0,250,0,78.0,0,0,0.0
24824ff666e096c4c07d0b75a889088571afe4a6,push preserved contexts in correct order (#5797),David Lord,2025-08-18 16:56:39+00:00,15,23,38,3,16,0,48,0,0,1,1,0,250,0,858.0,0,0,0.6666666666666666
7fea7cf15688b2a2712b01c45c9e3385ea382e67,Update macOS UI reference to “System Settings” (#5723),David Lord,2025-08-18 17:08:07+00:00,1,1,2,1,17,0,54,0,0,0,0,0,250,0,688.0,0,0,0.0
c56c5ec7c41e6ffd02516bf7cb80dd2ba9ba7aa3,Docs: Fix escaping in HTML escaping example (#5742),David Lord,2025-08-18 17:20:06+00:00,6,8,14,1,17,0,51,1,0,1,0,0,250,0,719.0,0,0,0.0
1dfd7cd5555d9e62a2e198a131c366242e724b35,use IO[bytes] instead of BinaryIO for wider compatibility (#5777),David Lord,2025-08-18 17:26:12+00:00,2,1,3,2,17,0,65,0,0,0,1,1,250,0,366.0,0,0,0.5
ff64079a516c269f171ababf3d92b86886a62ffd,update flask-talisman link,David Lord,2025-08-18 17:51:12+00:00,1,1,2,1,17,0,26,0,0,0,0,1,250,0,1500.0,0,0,0.0
b228ca3d87745b746d904a2108429617a814ffda,security docs for TRUSTED_HOSTS,David Lord,2025-08-18 18:42:48+00:00,21,0,21,1,18,0,31,0,0,1,0,0,250,0,3096.0,0,1,0.0
49b7e7bc8fb69d605719991d1c0a99fcee689053,security docs for TRUSTED_HOSTS (#5798),David Lord,2025-08-18 18:44:57+00:00,21,0,21,1,18,0,39,0,0,1,0,0,250,0,129.0,0,0,0.0
9822a0351574790cb66c652fcc396ad7aa2b09d8,refactor stream_with_context for async views,David Lord,2025-08-19 15:18:55+00:00,63,32,95,3,15,1,44,0,0,1,1,0,250,0,74038.0,0,1,0.6666666666666666
38b4c1e19b50494cfcdc9332899e09b7fed34979,refactor stream_with_context for async views (#5799),David Lord,2025-08-19 15:23:51+00:00,63,32,95,3,15,1,52,0,0,1,1,0,250,0,296.0,0,1,0.6666666666666666
d8259eb11900285af9b80b0fa47f841174c054e3,use Jinja name consistently,David Lord,2025-08-19 17:43:16+00:00,31,31,62,9,17,1,27,0,0,1,1,0,250,0,8365.0,0,0,0.2222222222222222
edebd3704437f19b5b137eaffe97130fe817d144,"rewrite docs, clean up typing for template decorators",David Lord,2025-08-19 19:29:47+00:00,228,179,407,3,19,1,53,0,0,1,1,0,250,0,6391.0,0,1,0.6666666666666666
ed1c9e953e2d67c0994e32e6c8d878291e36d4f7,support call template_filter without parens (#5736),David Lord,2025-08-19 19:36:00+00:00,410,112,522,6,19,1,51,0,0,1,1,0,250,0,373.0,0,1,0.6666666666666666
55c62556571ee46a94da174643b50ece06edead4,update dev dependencies,David Lord,2025-08-19 20:41:24+00:00,444,398,842,5,20,1,23,0,0,1,1,0,250,0,3924.0,0,1,0.0
2c1b30d0503cfb064f1cb252e6614a06915a362a,release version 3.1.2,David Lord,2025-08-19 20:42:11+00:00,5,5,10,3,20,1,21,0,0,0,1,0,250,0,47.0,0,0,0.0
1292419ddfc6a14fc7f85b5ed7efcc2d215f1ad3,Update GitHub Actions workflow for artifact handling (#5795),David Lord,2025-08-19 20:56:49+00:00,16,3,19,1,20,1,60,0,0,1,0,0,250,0,878.0,0,0,0.0
85793d6c223dd845e8f218403a5ced83041d37e1,release version 3.1.2 (#5800),David Lord,2025-08-19 21:03:43+00:00,5,5,10,3,21,1,29,0,0,0,1,0,250,0,414.0,0,0,0.0
330123258e8c3dc391cbe55ab1ed94891ca83af3,Merge branch 'stable',David Lord,2025-08-19 21:09:56+00:00,560,449,1009,20,21,1,21,0,0,1,1,0,250,0,373.0,0,1,0.35
dbd4c2882593f6118103120aa96fa9acdf7deedb,Changed the static annotated type of select_jinja_autoescape method in src/flask/sansio/app.py,subhajitsaha01,2025-09-06 16:31:22+00:00,1,1,2,1,16,5,94,0,0,0,0,0,1,1,1538486.0,0,0,1.0
c2705ffd9ce1dc8476cb29eaf5ff5d4c719852d9,merge app and request context,David Lord,2025-09-12 21:52:03+00:00,779,1007,1786,36,21,4,29,0,0,1,1,0,250,0,537641.0,0,1,0.4444444444444444
adf363679da2d9a5ddc564bb2da563c7ca083916,merge app and request context (#5812),David Lord,2025-09-19 23:45:27+00:00,779,1007,1786,36,23,4,37,0,0,1,1,0,250,0,611604.0,1,0,0.4444444444444444
6a64969009bf1898bd302e6a9633f71942523f7f,pass context through dispatch methods,David Lord,2025-09-19 23:58:48+00:00,167,72,239,6,23,4,37,1,0,1,1,0,250,0,801.0,1,0,0.8333333333333334
88a65bb374e87a18816a780dbd4ae69d307aa85c,Docs typo/markup fixes (#5829),Hynek Schlawack,2025-10-14 20:26:26+00:00,5,5,10,2,20,1,30,1,0,0,1,1,1,1,2147258.0,0,0,0.0
709f83f6a32da8cdaec196d7b785ab6827322008,pre-commit: Add codespell,Christian Clauss,2025-11-05 17:13:26+00:00,9,0,9,2,17,2,25,0,0,0,1,1,1,1,1889220.0,0,0,0.0
70d04b5a2620705011e65f79ccfd52caa86f5d6a,pass context through dispatch methods (#5818),David Lord,2025-11-17 16:49:53+00:00,167,72,239,6,16,0,45,1,0,1,1,1,250,0,1035387.0,0,0,0.8333333333333334
da6d075dfde71b2e2a64f39b29ba957d5ffb00b0,update dev dependencies,David Lord,2025-11-17 17:43:40+00:00,1040,643,1683,6,17,0,23,0,0,1,1,1,250,0,3227.0,0,1,0.16666666666666666
96a01e420b741c59af59301f15612fde39bfb39d,Merge branch 'stable',David Lord,2025-11-17 17:45:56+00:00,708,546,1254,6,17,0,21,0,0,1,1,1,250,0,136.0,0,0,0.16666666666666666
917000097fc17875104176e2c71318ab25c508c3,test py3.14,David Lord,2025-11-17 18:02:53+00:00,8,6,14,2,18,0,11,0,0,1,1,1,250,0,1017.0,0,0,0.0
218880c7fdedee139ac09caaf93da469b4dba14c,Merge branch 'stable',David Lord,2025-11-17 18:03:42+00:00,8,6,14,2,18,0,21,0,0,1,1,0,250,0,49.0,0,0,0.0
607d1948b8747776f4a45d5b7c7eaeb57b6b9f80,split free threading envs,David Lord,2025-11-17 18:05:39+00:00,4,2,6,1,18,0,25,0,0,0,0,0,250,0,117.0,0,0,0.0
2579ce9f18e67ec3213c6eceb5240310ccd46af8,Merge branch 'stable',David Lord,2025-11-17 18:05:51+00:00,4,2,6,1,18,0,21,0,0,0,0,0,250,0,12.0,0,0,0.0
ad68a12645d96fe51558da13e18544ba458d7af0,drop experimental 3.13t test env,David Lord,2025-11-28 19:05:47+00:00,2,3,5,2,19,4,32,0,0,0,1,0,250,0,953996.0,0,0,0.0
fe3b215d3ade4db68262dae1a3cdc464a1fc524f,"Increase required flit_core version to 3.11

Needed since Flask 3.1.1 after having set the ""license"" keyword to an
SPDX license expression. Avoids this possible build error:

  flit_core.config.ConfigError: license field should be <class 'dict'>, not <class 'str'>

Fixes: 0109e496f (""use uv"").",Markus Heidelberg,2025-12-17 14:44:15+00:00,1,1,2,1,14,2,294,1,0,0,0,0,2,1,1625908.0,0,0,0.0
97bddc1f61a59522386d36ec37b2b220a01de262,update dev dependencies,David Lord,2026-01-05 16:49:46+00:00,372,183,555,7,16,0,23,0,0,1,1,0,250,0,1649131.0,0,1,0.0
3d03098a97ddc6a908aa4a50c2ef7381f8297d0a,"Abort if the instance folder cannot be created

According to the comment, the instance folder should exist in any case.
But a PermissionError was ignored silently.

Since Python 3.9 is the minimum required version, it is safe to use
""exist_ok"" added in Python 3.2 and avoid exception handling.",Markus Heidelberg,2026-01-20 13:16:17+00:00,2,8,10,2,13,1,293,1,0,0,1,0,2,1,1283191.0,0,0,0.5
eca5fd1dfdc614c2df876cc32018a7d71f84ea82,redirect defaults to 303,David Lord,2026-01-25 00:50:54+00:00,14,3,17,4,0,6,24,0,0,1,1,0,250,0,387277.0,1,0,0.5
64dd0809c2fc732ed30539235232a268f9bd96ac,update dev dependencies,David Lord,2026-01-25 01:14:20+00:00,398,276,674,5,1,6,23,0,0,1,1,0,250,0,1406.0,1,1,0.0
eb58d862cc4a8f31a369b6e9ad1724e9e642f13f,Merge branch 'stable',David Lord,2026-01-25 01:15:54+00:00,427,339,766,7,1,6,21,0,0,1,1,0,250,0,94.0,1,0,0.0
809d5a8869d4ffe8656680b2438b10f7c8845613,redirect defaults to 303 (#5898),David Lord,2026-01-25 01:18:35+00:00,14,3,17,4,1,6,32,0,0,1,1,0,250,0,161.0,1,0,0.5
25642fd1fd65985fc98f95e64bc2c7ff353d6c2b,fix annotation for select_jinja_autoescape (#5808),David Lord,2026-01-25 02:25:31+00:00,1,1,2,1,2,6,50,1,0,0,0,0,250,0,4016.0,1,0,1.0
30da640ffe23b6e461fa91d387ffea6b9d9fa847,clarify 415 vs 400 errors for request.json (#5827),ADITYA SAH,2026-01-25 02:46:56+00:00,5,3,8,1,2,6,50,1,0,0,0,1,1,1,1285.0,1,0,0.0
3709c4a9a87e6ce8c26dc4a951e1df52ac9ecad0,"update ruff hook and noqa

co-authored-by: Christian Clauss <cclauss@me.com>",David Lord,2026-01-25 02:58:45+00:00,4,4,8,3,2,6,76,0,0,0,1,1,250,0,709.0,1,0,0.6666666666666666
5559ef42b5334075cbde82b2870ca725ac606fa4,pre-commit: Add codespell (#5844),David Lord,2026-01-25 03:00:23+00:00,13,4,17,4,3,6,33,0,0,1,1,1,250,0,98.0,1,0,0.5
4f79d5b59a56bc4356a97f2e81a35f98cb18d7b3,Increase required flit_core version to 3.11 (#5865),David Lord,2026-01-25 03:04:07+00:00,1,1,2,1,3,6,51,0,0,0,0,1,250,0,224.0,1,0,0.0
5880befcd22490c40f3c63d6178427f7753672c1,Merge branch 'stable',David Lord,2026-01-25 03:05:26+00:00,19,8,27,6,3,6,21,0,0,1,1,1,250,0,79.0,1,1,0.5
9b74a90dd3c47f792734823e8793ac36f38bc4dd,fix codespell findings,David Lord,2026-01-25 03:11:02+00:00,4,5,9,4,3,6,22,1,0,0,1,1,250,0,336.0,1,0,0.0
c77a5203438fe772d41f6a47303ad3f57a4efe6d,deprecate should_ignore_error,David Lord,2026-01-25 03:50:30+00:00,27,9,36,3,3,6,29,1,0,1,1,1,250,0,2368.0,1,0,0.6666666666666666
0292047b22c82921dcf165322d93a0b988328c2e,remove unused ruff check rule,David Lord,2026-01-25 03:52:11+00:00,0,3,3,1,3,6,29,0,0,0,0,1,250,0,101.0,1,0,0.0
4b8bde97d4fa3486e18dce21c3c5f75570d50164,deprecate `should_ignore_error` (#5899),David Lord,2026-01-25 03:53:11+00:00,27,9,36,3,3,6,39,1,0,1,1,1,250,0,60.0,1,0,0.6666666666666666
23df07d799f0bed3feb5beb9e5633651687da92b,Merge branch 'stable',David Lord,2026-01-25 03:55:36+00:00,1,1,2,1,3,6,21,0,0,0,0,1,250,0,145.0,1,0,0.0
ac5664d2281533eacafd64f5cc7d5edcdaccab60,document using gevent for async,David Lord,2026-01-25 18:31:31+00:00,168,142,310,9,18,6,31,0,0,1,1,1,250,0,52555.0,0,1,0.0
407eb76b27884848383a37c7274654f0271e4bc4,document using gevent for async (#5900),David Lord,2026-01-25 18:35:12+00:00,168,142,310,9,18,6,39,0,0,1,1,1,250,0,221.0,0,1,0.0
798e006f435887adceb6aab9b57cde8e20276793,Merge branch 'stable',David Lord,2026-01-25 18:38:42+00:00,168,142,310,9,18,6,21,0,0,1,1,0,250,0,210.0,0,0,0.0
4e652d3f68b90d50aa2301d3b7e68c3fafd9251d,Abort if the instance folder cannot be created (#5903),David Lord,2026-01-28 15:43:00+00:00,2,8,10,2,15,2,54,0,0,0,1,1,250,0,248658.0,0,0,0.5
5e621a2801daf95be6d208da9dcc287bb251f63c,update domain matching tests for Werkzeug 3.2,David Lord,2026-02-03 18:19:45+00:00,69,28,97,3,18,1,45,0,0,1,1,1,250,0,527805.0,0,0,0.3333333333333333
976459f7cb35c8c3abc3a6e6a2728d76d1a0a5f2,fix editable werkzeug,David Lord,2026-02-03 18:20:49+00:00,6,42,48,2,18,1,21,1,0,1,1,1,250,0,64.0,0,0,0.0
663198d7b453ffdbe86d0e0238b1feafde6ce569,update dev dependencies,David Lord,2026-02-03 18:22:19+00:00,114,120,234,5,18,1,23,0,0,1,1,1,250,0,90.0,0,0,0.0
d3b78fd18a8d9e224cb9ef58a23cec9b1ffc9ce9,Merge remote-tracking branch 'origin/stable',David Lord,2026-02-06 21:22:54+00:00,2,8,10,2,21,4,44,0,0,0,1,1,250,0,270035.0,0,0,0.5
e82db2ca3a22c9614c1987392c9cfaa8c6ce99ad,fix provide_automatic_options override,David Lord,2026-02-12 21:03:03+00:00,96,86,182,7,21,3,38,1,0,1,1,1,250,0,517209.0,0,0,0.7142857142857143
12e95c93b488725f80753f34b2e0d24838ca4646,fix provide_automatic_options override (#5917),David Lord,2026-02-12 21:07:50+00:00,96,86,182,7,21,3,46,1,0,1,1,1,250,0,287.0,0,0,0.7142857142857143
d98eb69a354158252854ed4a5c9778e03d089191,revert cli test change,David Lord,2026-02-12 21:11:01+00:00,2,7,9,1,21,3,22,0,0,0,0,1,250,0,191.0,0,0,1.0
27be9338405382445a7cb01151e084559b98d602,start version 3.1.3,David Lord,2026-02-18 22:52:52+00:00,9,3,12,3,22,2,19,0,0,0,1,1,250,0,524511.0,1,0,0.0
c17f379390731543eea33a570a47bd4ef76a54fa,request context tracks session access,David Lord,2026-02-19 03:02:54+00:00,74,53,127,6,3,3,37,0,0,1,1,1,250,0,15002.0,1,0,0.8333333333333334
089cb86dd22bff589a4eafb7ab8e42dc357623b4,"Merge commit from fork

request context tracks session access",David Lord,2026-02-19 03:35:58+00:00,74,53,127,6,3,3,61,0,0,1,1,0,250,0,1984.0,1,0,0.8333333333333334
22d924701a6ae2e4cd01e9a15bbaf3946094af65,release version 3.1.3,David Lord,2026-02-19 03:41:55+00:00,3,3,6,3,3,3,21,0,0,0,1,0,250,0,357.0,1,0,0.0
f00ad424ee3b050d382cc5b4aabb18afbb5e4ae7,release version 3.1.3 (#5924),David Lord,2026-02-19 05:01:53+00:00,3,3,6,3,5,3,29,0,0,0,1,0,250,0,4798.0,1,0,0.0
daca74d93a0edc458e618136de7d14803f06bc28,Merge branch 'stable',David Lord,2026-02-19 05:56:24+00:00,65,48,113,6,5,3,21,0,0,1,1,0,250,0,3271.0,1,0,0.8333333333333334
a411a2434b09d9cbaa4074232b2c247d591bb655,add back opening session on context push,David Lord,2026-02-19 16:35:48+00:00,21,9,30,1,16,3,40,0,0,1,0,0,250,0,38364.0,0,0,1.0
7b0088693ece1bd3a9238a6fdf56ed8df7a4d43b,fix typing,David Lord,2026-02-19 16:42:33+00:00,2,2,4,1,16,3,10,1,0,0,0,0,250,0,405.0,0,0,1.0
fbb6f0bc4c60a0bada0e03c3480d0ccf30a3c1df,all teardown callbacks are called despite errors,David Lord,2026-02-20 03:41:50+00:00,194,80,274,10,3,4,48,1,0,1,1,1,250,0,39557.0,1,1,0.8
c34d6e81fd8e405e6d4178bf24b364918811ef17,all teardown callbacks are called despite errors (#5928),David Lord,2026-02-20 04:00:34+00:00,194,80,274,10,4,4,56,1,0,1,1,1,250,0,1124.0,1,0,0.8
a29f88ce6f2f9843bd6fcbbfce1390a2071965d6,document that headers must be set before streaming,David Lord,2026-03-04 15:36:09+00:00,55,8,63,4,15,2,50,0,0,1,1,1,250,0,1078535.0,0,0,0.5
3a9d54f3da1de540adfdf6f1e2dea6fc0006e15d,Merge branch 'stable',David Lord,2026-03-04 15:36:21+00:00,35,2,37,3,15,2,21,0,0,1,1,1,250,0,12.0,0,0,0.3333333333333333
560c119e3dc33b35b9c57172fae521d99c2a1421,add zizmor to scan workflows,David Lord,2026-03-08 23:05:00+00:00,51,9,60,5,23,6,28,0,0,1,1,1,250,0,372519.0,1,0,0.0
4774385abdc04d3b0d02dcbed6543bc100f23f6e,add zizmor to scan workflows (#5945),David Lord,2026-03-08 23:15:00+00:00,51,9,60,5,23,6,36,0,0,1,1,0,250,0,600.0,1,0,0.0
a197702e2cbcdd43c0d09296b3cea02efe16e407,update dev dependencies,David Lord,2026-03-08 23:20:07+00:00,617,495,1112,6,23,6,23,0,0,1,1,0,250,0,307.0,1,1,0.0
4cae5d8e411b1e69949d8fae669afeacbd3e5908,Merge branch 'stable',David Lord,2026-03-08 23:21:50+00:00,457,379,836,7,23,6,21,0,0,1,1,0,250,0,103.0,1,0,0.0
91c6b3fecf36b1f04554e57cc4060ccb737a445d,remove unicode host test,David Lord,2026-03-24 13:47:30+00:00,0,21,21,1,13,1,24,0,0,1,0,0,250,0,1347940.0,0,0,1.0
7ef2946fb5151b745df30201b8c27790cac53875,remove unicode host test (#5962),David Lord,2026-03-24 13:55:57+00:00,0,21,21,1,13,1,32,0,0,1,0,0,250,0,507.0,0,0,1.0
